<?xml version="1.0" encoding="UTF-8"?>
<con:soapui-project id="921b02eb-27a0-4e59-be37-c6fd7f51dcc3" activeEnvironment="Default" name="REST customer project orders" resourceRoot="${projectDir}" soapui-version="5.7.0" abortOnError="false" runType="SEQUENTIAL" xmlns:con="http://eviware.com/soapui/config"><con:settings/><con:interface xsi:type="con:RestService" id="5adbf448-a2d0-4cc8-ab71-4a256793f033" wadlVersion="http://wadl.dev.java.net/2009/02" name="https://ecommerceservice.herokuapp.com" type="rest" xmlns:xsi="http://www.w3.org/2001/XMLSchema-instance"><con:settings/><con:definitionCache type="TEXT" rootPart=""/><con:endpoints><con:endpoint>https://ecommerceservice.herokuapp.com</con:endpoint></con:endpoints><con:resource name="Signup" path="/user/signup" id="3dd4f7ef-4c3a-478b-b026-89151eb836b2"><con:settings/><con:parameters/><con:method name="register" id="4cfe6fad-ce33-43e4-94b8-ff4dace13700" method="POST"><con:settings/><con:parameters/><con:representation type="REQUEST"><con:mediaType>application/json</con:mediaType><con:params/></con:representation><con:representation type="RESPONSE"><con:mediaType>application/json; charset=utf-8</con:mediaType><con:status>201</con:status><con:params/><con:element xmlns:sig="https://ecommerceservice.herokuapp.com/user/signup">sig:Response</con:element></con:representation><con:representation type="FAULT"><con:mediaType>application/json; charset=utf-8</con:mediaType><con:status>400</con:status><con:params/><con:element xmlns:sig="https://ecommerceservice.herokuapp.com/user/signup">sig:Fault</con:element></con:representation><con:request name="register" id="f1c820da-8f88-4512-8c37-4bb0708bb2ac" mediaType="application/json" postQueryString="false"><con:settings><con:setting id="com.eviware.soapui.impl.wsdl.WsdlRequest@request-headers">&lt;xml-fragment/></con:setting></con:settings><con:endpoint>https://ecommerceservice.herokuapp.com</con:endpoint><con:request>{
	"email": "belindgfgeeeea@gmail.com",
	"password": "krishna@123"
}
</con:request><con:originalUri>https://ecommerceservice.herokuapp.com/user/signup</con:originalUri><con:credentials><con:authType>No Authorization</con:authType></con:credentials><con:jmsConfig JMSDeliveryMode="PERSISTENT"/><con:jmsPropertyConfig/><con:parameters/></con:request></con:method></con:resource></con:interface><con:interface xsi:type="con:RestService" id="f05096a5-ab1d-42ae-aa90-bb4c7d993950" wadlVersion="http://wadl.dev.java.net/2009/02" name="https://ecommerceservice.herokuapp.com" type="rest" xmlns:xsi="http://www.w3.org/2001/XMLSchema-instance"><con:settings/><con:definitionCache type="TEXT" rootPart=""/><con:endpoints><con:endpoint>https://ecommerceservice.herokuapp.com</con:endpoint></con:endpoints><con:resource name="Login" path="/user/login" id="3fee2d8e-abbd-4b50-bd85-09ffeffa4223"><con:settings/><con:parameters/><con:method name="login" id="c4a85709-b792-4206-bbbd-02da2b7714e2" method="POST"><con:settings/><con:parameters/><con:representation type="RESPONSE"><con:mediaType>application/json; charset=utf-8</con:mediaType><con:status>200</con:status><con:params/><con:element xmlns:log="https://ecommerceservice.herokuapp.com/user/login">log:Response</con:element></con:representation><con:representation type="REQUEST"><con:mediaType>application/json</con:mediaType><con:params/></con:representation><con:representation type="FAULT"><con:mediaType>application/json; charset=utf-8</con:mediaType><con:status>500</con:status><con:params/><con:element xmlns:log="https://ecommerceservice.herokuapp.com/user/login">log:Fault</con:element></con:representation><con:request name="login" id="7f992b59-7593-4d84-b679-09f28c69984a" mediaType="application/json" postQueryString="false"><con:settings><con:setting id="com.eviware.soapui.impl.wsdl.WsdlRequest@request-headers">&lt;xml-fragment/></con:setting></con:settings><con:endpoint>https://ecommerceservice.herokuapp.com</con:endpoint><con:request>{
	"email": "belindeeeea@gmail.com",
	"password": "krishna@123"
}
</con:request><con:originalUri>https://ecommerceservice.herokuapp.com/user/login</con:originalUri><con:credentials><con:authType>No Authorization</con:authType></con:credentials><con:jmsConfig JMSDeliveryMode="PERSISTENT"/><con:jmsPropertyConfig/><con:parameters/></con:request></con:method></con:resource></con:interface><con:interface xsi:type="con:RestService" id="ae0e97b4-ebc9-41ec-a0ac-f8867088783d" wadlVersion="http://wadl.dev.java.net/2009/02" name="https://ecommerceservice.herokuapp.com" type="rest" xmlns:xsi="http://www.w3.org/2001/XMLSchema-instance"><con:settings/><con:definitionCache type="TEXT" rootPart=""/><con:endpoints><con:endpoint>https://ecommerceservice.herokuapp.com</con:endpoint></con:endpoints><con:resource name="User" path="/user" id="672f5fa0-5429-4189-a694-6af2ea09ddb5"><con:settings/><con:parameters/><con:method name="get all users" id="63ecb01e-743c-418d-bd7e-34f165c62aeb" method="GET"><con:settings/><con:parameters/><con:representation type="RESPONSE"><con:mediaType>application/json; charset=utf-8</con:mediaType><con:status>200</con:status><con:params/><con:element xmlns:user="https://ecommerceservice.herokuapp.com/user">user:Response</con:element></con:representation><con:representation type="FAULT"><con:mediaType>application/json; charset=utf-8</con:mediaType><con:status>401 500</con:status><con:params/><con:element xmlns:user="https://ecommerceservice.herokuapp.com/user">user:Fault</con:element></con:representation><con:request name="get all users" id="8dcfed0b-ec64-40db-90fe-cac414f5bdfa" mediaType="application/json"><con:settings><con:setting id="com.eviware.soapui.impl.wsdl.WsdlRequest@request-headers">&lt;entry key="Authorization" value="${#TestSuite#token}" xmlns="http://eviware.com/soapui/config"/></con:setting></con:settings><con:endpoint>https://ecommerceservice.herokuapp.com</con:endpoint><con:request/><con:originalUri>https://ecommerceservice.herokuapp.com/user</con:originalUri><con:credentials><con:authType>No Authorization</con:authType></con:credentials><con:jmsConfig JMSDeliveryMode="PERSISTENT"/><con:jmsPropertyConfig/><con:parameters/></con:request></con:method></con:resource></con:interface><con:interface xsi:type="con:RestService" id="bfc3478e-8dc8-439a-b4dc-d8245e52e809" wadlVersion="http://wadl.dev.java.net/2009/02" name="https://ecommerceservice.herokuapp.com" type="rest" xmlns:xsi="http://www.w3.org/2001/XMLSchema-instance"><con:settings/><con:definitionCache type="TEXT" rootPart=""/><con:endpoints><con:endpoint>https://ecommerceservice.herokuapp.com</con:endpoint></con:endpoints><con:resource name="Id" path="/user/6228b174d7cea500172f14a9" id="94fd721e-7b41-48cd-8bac-a8965fe208a1"><con:settings/><con:parameters/><con:method name="delete" id="053580b9-dc49-43b6-9e80-e7a7957cb8a5" method="DELETE"><con:settings/><con:parameters/><con:representation type="FAULT"><con:mediaType>application/json; charset=utf-8</con:mediaType><con:status>401 404</con:status><con:params/><con:element xmlns:b62="https://ecommerceservice.herokuapp.com/user/6227354b625984001745c21a">b62:Fault</con:element></con:representation><con:representation type="REQUEST"><con:mediaType>application/json</con:mediaType><con:params/></con:representation><con:representation type="RESPONSE"><con:mediaType>application/json; charset=utf-8</con:mediaType><con:status>200</con:status><con:params/><con:element xmlns:user="https://ecommerceservice.herokuapp.com/user/">user:Response</con:element></con:representation><con:request name="delete" id="110b570b-6de4-4b56-9327-2d3b50b39e09" mediaType="application/json" postQueryString="false"><con:settings><con:setting id="com.eviware.soapui.impl.wsdl.WsdlRequest@request-headers">&lt;entry key="Authorization" value="${#TestSuite#token}" xmlns="http://eviware.com/soapui/config"/></con:setting></con:settings><con:endpoint>https://ecommerceservice.herokuapp.com</con:endpoint><con:request/><con:originalUri>https://ecommerceservice.herokuapp.com/user/</con:originalUri><con:credentials><con:authType>No Authorization</con:authType></con:credentials><con:jmsConfig JMSDeliveryMode="PERSISTENT"/><con:jmsPropertyConfig/><con:parameters/><con:parameterOrder/></con:request></con:method></con:resource></con:interface><con:interface xsi:type="con:RestService" id="cfa7544e-8964-4b36-92ac-937e6100869e" wadlVersion="http://wadl.dev.java.net/2009/02" name="https://ecommerceservice.herokuapp.com" type="rest" xmlns:xsi="http://www.w3.org/2001/XMLSchema-instance"><con:settings/><con:definitionCache type="TEXT" rootPart=""/><con:endpoints><con:endpoint>https://ecommerceservice.herokuapp.com</con:endpoint></con:endpoints><con:resource name="Products" path="/products" id="d68ce195-94d8-4e5e-96da-7e559104c595"><con:settings/><con:parameters/><con:method name="Products 1" id="04d3c917-ce31-47c6-86fa-39b3a6c2cb8c" method="GET"><con:settings/><con:parameters/><con:representation type="FAULT"><con:mediaType>application/json; charset=utf-8</con:mediaType><con:status>500 401</con:status><con:params/><con:element xmlns:prod="https://ecommerceservice.herokuapp.com/products">prod:Fault</con:element></con:representation><con:representation type="RESPONSE"><con:mediaType>application/json; charset=utf-8</con:mediaType><con:status>200</con:status><con:params/><con:element xmlns:prod="https://ecommerceservice.herokuapp.com/products">prod:Response</con:element></con:representation><con:request name="get product" id="b234f4ce-4eac-4d3a-9451-8488899c2d34" mediaType="application/json"><con:settings><con:setting id="com.eviware.soapui.impl.wsdl.WsdlRequest@request-headers">&lt;entry key="Authorization" value="${#TestSuite#token}" xmlns="http://eviware.com/soapui/config"/></con:setting></con:settings><con:endpoint>https://ecommerceservice.herokuapp.com</con:endpoint><con:request/><con:originalUri>https://ecommerceservice.herokuapp.com/products</con:originalUri><con:credentials><con:authType>No Authorization</con:authType></con:credentials><con:jmsConfig JMSDeliveryMode="PERSISTENT"/><con:jmsPropertyConfig/><con:parameters/></con:request></con:method></con:resource></con:interface><con:interface xsi:type="con:RestService" id="6defc2f2-7a1f-4fd2-a383-8c9d7775bec2" wadlVersion="http://wadl.dev.java.net/2009/02" name="https://ecommerceservice.herokuapp.com" type="rest" xmlns:xsi="http://www.w3.org/2001/XMLSchema-instance"><con:settings/><con:definitionCache type="TEXT" rootPart=""/><con:endpoints><con:endpoint>https://ecommerceservice.herokuapp.com</con:endpoint></con:endpoints><con:resource name="Products" path="/products" id="d14ba34b-b177-4bc3-9329-151057fac2a5"><con:settings/><con:parameters/><con:method name="create Product" id="eb746e26-aefa-4da9-a244-78a3ee137174" method="POST"><con:settings/><con:parameters/><con:representation type="RESPONSE"><con:mediaType>application/json; charset=utf-8</con:mediaType><con:status>200</con:status><con:params/><con:element xmlns:prod="https://ecommerceservice.herokuapp.com/products">prod:Response</con:element></con:representation><con:representation type="REQUEST"><con:mediaType>application/json</con:mediaType><con:params/></con:representation><con:representation type="FAULT"><con:mediaType>application/json; charset=utf-8</con:mediaType><con:status>401</con:status><con:params/><con:element xmlns:prod="https://ecommerceservice.herokuapp.com/products">prod:Fault</con:element></con:representation><con:request name="create Product" id="2b3ec87d-1b56-441b-866f-1d780cd4e3e6" mediaType="application/json" postQueryString="false"><con:settings><con:setting id="com.eviware.soapui.impl.wsdl.WsdlRequest@request-headers">&lt;entry key="Authorization" value="bearer eyJhbGciOiJIUzI1NiIsInR5cCI6IkpXVCJ9.eyJfaWQiOiI2MjI4YzI3OWQ3Y2VhNTAwMTcyZjE0Y2IiLCJpYXQiOjE2NDY4Mzk1NTgsImV4cCI6MTY0NjkyNTk1OH0._E3PbpzPyMZ6TSXE7WmqH5Zml27VQAkrpu_C-iCPl6Q  " xmlns="http://eviware.com/soapui/config"/></con:setting></con:settings><con:endpoint>https://ecommerceservice.herokuapp.com</con:endpoint><con:request>{
	"name": "jefhwereeilf",
	"price": 78999
}
</con:request><con:originalUri>https://ecommerceservice.herokuapp.com/products</con:originalUri><con:credentials><con:authType>No Authorization</con:authType></con:credentials><con:jmsConfig JMSDeliveryMode="PERSISTENT"/><con:jmsPropertyConfig/><con:parameters/></con:request></con:method></con:resource></con:interface><con:interface xsi:type="con:RestService" id="32ede408-acf2-40f5-9b8c-dcb39e08e56c" wadlVersion="http://wadl.dev.java.net/2009/02" name="https://ecommerceservice.herokuapp.com" type="rest" xmlns:xsi="http://www.w3.org/2001/XMLSchema-instance"><con:settings/><con:definitionCache type="TEXT" rootPart=""/><con:endpoints><con:endpoint>https://ecommerceservice.herokuapp.com</con:endpoint></con:endpoints><con:resource name="Id" path="/products/${#TestSuite#id}" id="95e40ce4-0f47-4877-ac66-64d8b9d89726"><con:settings/><con:parameters/><con:method name="Id 1" id="40344b0f-0491-4dcf-bedc-8c913f8c1083" method="GET"><con:settings/><con:parameters/><con:representation type="RESPONSE"><con:mediaType>application/json; charset=utf-8</con:mediaType><con:status>200</con:status><con:params/><con:element xmlns:cb5="https://ecommerceservice.herokuapp.com/products/6228cb5bd7cea500172f14e4">cb5:Response</con:element></con:representation><con:representation type="FAULT"><con:mediaType>application/json; charset=utf-8</con:mediaType><con:status>404 401</con:status><con:params/><con:element xmlns:cb5="https://ecommerceservice.herokuapp.com/products/6228cb5bd7cea500172f14e4">cb5:Fault</con:element></con:representation><con:request name="get Productby Id" id="81a8d9be-62a1-42bf-a682-eae4037f9616" mediaType="application/json"><con:settings><con:setting id="com.eviware.soapui.impl.wsdl.WsdlRequest@request-headers">&lt;entry key="Authorization" value="bearer eyJhbGciOiJIUzI1NiIsInR5cCI6IkpXVCJ9.eyJfaWQiOiI2MjI4YzI3OWQ3Y2VhNTAwMTcyZjE0Y2IiLCJpYXQiOjE2NDY4Mzk1NTgsImV4cCI6MTY0NjkyNTk1OH0._E3PbpzPyMZ6TSXE7WmqH5Zml27VQAkrpu_C-iCPl6Q  " xmlns="http://eviware.com/soapui/config"/></con:setting></con:settings><con:endpoint>https://ecommerceservice.herokuapp.com</con:endpoint><con:request/><con:originalUri>https://ecommerceservice.herokuapp.com/products/6228cb5bd7cea500172f14e4</con:originalUri><con:credentials><con:authType>No Authorization</con:authType></con:credentials><con:jmsConfig JMSDeliveryMode="PERSISTENT"/><con:jmsPropertyConfig/><con:parameters/><con:parameterOrder/></con:request></con:method></con:resource></con:interface><con:interface xsi:type="con:RestService" id="913b9c31-a541-4bc7-b0b7-7689a0eb9cb9" wadlVersion="http://wadl.dev.java.net/2009/02" name="https://ecommerceservice.herokuapp.com" type="rest" xmlns:xsi="http://www.w3.org/2001/XMLSchema-instance"><con:settings/><con:definitionCache/><con:endpoints><con:endpoint>https://ecommerceservice.herokuapp.com</con:endpoint></con:endpoints><con:resource name="Id" path="/products/${#TestSuite#id}" id="2e0a0a5d-4fdd-4470-809a-3bb344bb0b90"><con:settings/><con:parameters/><con:method name="Id 1" id="16e145a8-a351-45ca-95e3-40a3d8d91905" method="PATCH"><con:settings/><con:parameters/><con:representation type="REQUEST"><con:mediaType>application/json</con:mediaType><con:params/></con:representation><con:representation type="FAULT"><con:mediaType>application/json; charset=utf-8</con:mediaType><con:status>500</con:status><con:params/><con:element xmlns:cb5="https://ecommerceservice.herokuapp.com/products/6228cb5bd7cea500172f14e4">cb5:Fault</con:element></con:representation><con:representation type="RESPONSE"><con:mediaType>application/json; charset=utf-8</con:mediaType><con:status>200</con:status><con:params/><con:element xmlns:cb5="https://ecommerceservice.herokuapp.com/products/6228cb5bd7cea500172f14e4">cb5:Response</con:element></con:representation><con:request name="update ProductId" id="b39a0489-afee-480d-b572-79be2ea2320d" mediaType="application/json" postQueryString="false"><con:settings><con:setting id="com.eviware.soapui.impl.wsdl.WsdlRequest@request-headers">&lt;entry key="Authorization" value="bearer eyJhbGciOiJIUzI1NiIsInR5cCI6IkpXVCJ9.eyJfaWQiOiI2MjI4YzI3OWQ3Y2VhNTAwMTcyZjE0Y2IiLCJpYXQiOjE2NDY4Mzk1NTgsImV4cCI6MTY0NjkyNTk1OH0._E3PbpzPyMZ6TSXE7WmqH5Zml27VQAkrpu_C-iCPl6Q  " xmlns="http://eviware.com/soapui/config"/></con:setting></con:settings><con:endpoint>https://ecommerceservice.herokuapp.com</con:endpoint><con:request>{
	"name": "fgfjygfg",
	"price": 93944
}
</con:request><con:originalUri>https://ecommerceservice.herokuapp.com/products/6228cb5bd7cea500172f14e4</con:originalUri><con:credentials><con:authType>No Authorization</con:authType></con:credentials><con:jmsConfig JMSDeliveryMode="PERSISTENT"/><con:jmsPropertyConfig/><con:parameters/><con:parameterOrder/></con:request></con:method></con:resource></con:interface><con:interface xsi:type="con:RestService" id="bc43f990-ea39-4296-8711-c99c823e51b0" wadlVersion="http://wadl.dev.java.net/2009/02" name="https://ecommerceservice.herokuapp.com" type="rest" xmlns:xsi="http://www.w3.org/2001/XMLSchema-instance"><con:settings/><con:definitionCache type="TEXT" rootPart=""/><con:endpoints><con:endpoint>https://ecommerceservice.herokuapp.com</con:endpoint></con:endpoints><con:resource name="Id" path="/products/${#TestSuite#id}" id="19699366-d633-4598-8e73-f8f93bd1329c"><con:settings/><con:parameters/><con:method name="Id 1" id="d29991e4-351f-4791-b015-0d11e8af90c3" method="DELETE"><con:settings/><con:parameters/><con:representation type="RESPONSE"><con:mediaType>application/json; charset=utf-8</con:mediaType><con:status>200</con:status><con:params/><con:element xmlns:cb5="https://ecommerceservice.herokuapp.com/products/6228cb5bd7cea500172f14e4">cb5:Response</con:element></con:representation><con:representation type="REQUEST"><con:mediaType>application/json</con:mediaType><con:params/></con:representation><con:request name="delete product byId" id="850c5375-5e0e-4be7-826c-f3447dd83b68" mediaType="application/json" postQueryString="false"><con:settings><con:setting id="com.eviware.soapui.impl.wsdl.WsdlRequest@request-headers">&lt;entry key="Authorization" value="bearer eyJhbGciOiJIUzI1NiIsInR5cCI6IkpXVCJ9.eyJfaWQiOiI2MjI4YzI3OWQ3Y2VhNTAwMTcyZjE0Y2IiLCJpYXQiOjE2NDY4Mzk1NTgsImV4cCI6MTY0NjkyNTk1OH0._E3PbpzPyMZ6TSXE7WmqH5Zml27VQAkrpu_C-iCPl6Q  " xmlns="http://eviware.com/soapui/config"/></con:setting></con:settings><con:endpoint>https://ecommerceservice.herokuapp.com</con:endpoint><con:request/><con:originalUri>https://ecommerceservice.herokuapp.com/products/6228cb5bd7cea500172f14e4</con:originalUri><con:credentials><con:authType>No Authorization</con:authType></con:credentials><con:jmsConfig JMSDeliveryMode="PERSISTENT"/><con:jmsPropertyConfig/><con:parameters/><con:parameterOrder/></con:request></con:method></con:resource></con:interface><con:interface xsi:type="con:RestService" id="364048f7-7ae2-4ecc-8323-8dff28145410" wadlVersion="http://wadl.dev.java.net/2009/02" name="https://ecommerceservice.herokuapp.com" type="rest" xmlns:xsi="http://www.w3.org/2001/XMLSchema-instance"><con:settings/><con:definitionCache type="TEXT" rootPart=""/><con:endpoints><con:endpoint>https://ecommerceservice.herokuapp.com</con:endpoint></con:endpoints><con:resource name="Orders" path="/orders" id="2d37ce6e-495c-46b8-a955-a1f97ab02981"><con:settings/><con:parameters/><con:method name="Orders 1" id="72f1af90-fb84-44d4-ac20-c12012e9efda" method="GET"><con:settings/><con:parameters/><con:representation type="FAULT"><con:mediaType>application/json; charset=utf-8</con:mediaType><con:status>500</con:status><con:params/><con:element xmlns:ord="https://ecommerceservice.herokuapp.com/orders">ord:Fault</con:element></con:representation><con:representation type="RESPONSE"><con:mediaType>application/json; charset=utf-8</con:mediaType><con:status>200</con:status><con:params/><con:element xmlns:ord="https://ecommerceservice.herokuapp.com/orders">ord:Response</con:element></con:representation><con:request name="get all orders" id="3077085b-090e-4d74-bccc-a57e70cdb04e" mediaType="application/json"><con:settings><con:setting id="com.eviware.soapui.impl.wsdl.WsdlRequest@request-headers">&lt;entry key="Authorization" value="bearer eyJhbGciOiJIUzI1NiIsInR5cCI6IkpXVCJ9.eyJfaWQiOiI2MjI4YzI3OWQ3Y2VhNTAwMTcyZjE0Y2IiLCJpYXQiOjE2NDY4Mzk1NTgsImV4cCI6MTY0NjkyNTk1OH0._E3PbpzPyMZ6TSXE7WmqH5Zml27VQAkrpu_C-iCPl6Q  " xmlns="http://eviware.com/soapui/config"/></con:setting></con:settings><con:endpoint>https://ecommerceservice.herokuapp.com</con:endpoint><con:request/><con:originalUri>https://ecommerceservice.herokuapp.com/orders</con:originalUri><con:credentials><con:authType>No Authorization</con:authType></con:credentials><con:jmsConfig JMSDeliveryMode="PERSISTENT"/><con:jmsPropertyConfig/><con:parameters/></con:request></con:method></con:resource></con:interface><con:interface xsi:type="con:RestService" id="195848b7-5ca0-4481-8238-4d550d12ab87" wadlVersion="http://wadl.dev.java.net/2009/02" name="https://ecommerceservice.herokuapp.com" type="rest" xmlns:xsi="http://www.w3.org/2001/XMLSchema-instance"><con:settings/><con:definitionCache type="TEXT" rootPart=""/><con:endpoints><con:endpoint>https://ecommerceservice.herokuapp.com</con:endpoint></con:endpoints><con:resource name="Orders" path="/orders" id="9e1e5d90-5172-44d1-b1a4-41824b4156c1"><con:settings/><con:parameters/><con:method name="create order" id="bc41a659-1895-4d57-8bbc-6b537923f621" method="POST"><con:settings/><con:parameters/><con:representation type="FAULT"><con:mediaType>application/json; charset=utf-8</con:mediaType><con:status>400 404</con:status><con:params/><con:element xmlns:ord="https://ecommerceservice.herokuapp.com/orders">ord:Fault</con:element></con:representation><con:representation type="REQUEST"><con:mediaType>application/json</con:mediaType><con:params/></con:representation><con:representation type="RESPONSE"><con:mediaType>application/json; charset=utf-8</con:mediaType><con:status>201</con:status><con:params/><con:element xmlns:ord="https://ecommerceservice.herokuapp.com/orders">ord:Response</con:element></con:representation><con:request name="create order" id="95a34714-8b3d-4aca-91e8-978dbb08d309" mediaType="application/json" postQueryString="false"><con:settings><con:setting id="com.eviware.soapui.impl.wsdl.WsdlRequest@request-headers">&lt;entry key="Authorization" value="bearer eyJhbGciOiJIUzI1NiIsInR5cCI6IkpXVCJ9.eyJfaWQiOiI2MjI4YzI3OWQ3Y2VhNTAwMTcyZjE0Y2IiLCJpYXQiOjE2NDY4Mzk1NTgsImV4cCI6MTY0NjkyNTk1OH0._E3PbpzPyMZ6TSXE7WmqH5Zml27VQAkrpu_C-iCPl6Q   " xmlns="http://eviware.com/soapui/config"/></con:setting></con:settings><con:endpoint>https://ecommerceservice.herokuapp.com</con:endpoint><con:request>{
	"product": "622934f99d4048001709f4ad",
	"quantity": 57
}</con:request><con:originalUri>https://ecommerceservice.herokuapp.com/orders</con:originalUri><con:credentials><con:authType>No Authorization</con:authType></con:credentials><con:jmsConfig JMSDeliveryMode="PERSISTENT"/><con:jmsPropertyConfig/><con:parameters/></con:request></con:method></con:resource></con:interface><con:interface xsi:type="con:RestService" id="048d88ac-d660-4cd9-8c4d-2a4d809c87d8" wadlVersion="http://wadl.dev.java.net/2009/02" name="https://ecommerceservice.herokuapp.com" type="rest" xmlns:xsi="http://www.w3.org/2001/XMLSchema-instance"><con:settings/><con:definitionCache type="TEXT" rootPart=""/><con:endpoints><con:endpoint>https://ecommerceservice.herokuapp.com</con:endpoint></con:endpoints><con:resource name="Id" path="/orders/${#TestSuite#oid}" id="b8ac3f72-5a4c-414a-b92d-737ef56e4b35"><con:settings/><con:parameters/><con:method name="Id 1" id="9bdf1d76-2916-4aee-86ce-e60e126c5b36" method="GET"><con:settings/><con:parameters/><con:representation type="RESPONSE"><con:mediaType>application/json; charset=utf-8</con:mediaType><con:status>201 200</con:status><con:params/><con:element xmlns:aa4="https://ecommerceservice.herokuapp.com/orders/622972aa4fe34700177fe1fe">aa4:Response</con:element></con:representation><con:request name="get order byId" id="67e17de8-0812-4a8c-8cac-d4618f2dc026" mediaType="application/json"><con:settings><con:setting id="com.eviware.soapui.impl.wsdl.WsdlRequest@request-headers">&lt;entry key="Authorization" value="bearer eyJhbGciOiJIUzI1NiIsInR5cCI6IkpXVCJ9.eyJfaWQiOiI2MjI4YzI3OWQ3Y2VhNTAwMTcyZjE0Y2IiLCJpYXQiOjE2NDY4Mzk1NTgsImV4cCI6MTY0NjkyNTk1OH0._E3PbpzPyMZ6TSXE7WmqH5Zml27VQAkrpu_C-iCPl6Q" xmlns="http://eviware.com/soapui/config"/></con:setting></con:settings><con:endpoint>https://ecommerceservice.herokuapp.com</con:endpoint><con:request/><con:originalUri>https://ecommerceservice.herokuapp.com/orders/622972aa4fe34700177fe1fe</con:originalUri><con:credentials><con:authType>No Authorization</con:authType></con:credentials><con:jmsConfig JMSDeliveryMode="PERSISTENT"/><con:jmsPropertyConfig/><con:parameters/><con:parameterOrder/></con:request></con:method></con:resource></con:interface><con:interface xsi:type="con:RestService" id="207322d2-1059-47f8-ad62-ee58bcab842e" wadlVersion="http://wadl.dev.java.net/2009/02" name="https://ecommerceservice.herokuapp.com" type="rest" xmlns:xsi="http://www.w3.org/2001/XMLSchema-instance"><con:settings/><con:definitionCache type="TEXT" rootPart=""/><con:endpoints><con:endpoint>https://ecommerceservice.herokuapp.com</con:endpoint></con:endpoints><con:resource name="Id" path="/orders/${#TestSuite#oid}" id="f6a056df-f4c6-4e60-b3e5-63762f0100e4"><con:settings/><con:parameters/><con:method name="Id 1" id="edb9f8f3-7d5b-40b3-96aa-96f51ad8c90f" method="PATCH"><con:settings/><con:parameters/><con:representation type="REQUEST"><con:mediaType>application/json</con:mediaType><con:params/></con:representation><con:representation type="RESPONSE"><con:mediaType>application/json; charset=utf-8</con:mediaType><con:status>200</con:status><con:params/><con:element xmlns:aa4="https://ecommerceservice.herokuapp.com/orders/622972aa4fe34700177fe1fe">aa4:Response</con:element></con:representation><con:request name="update orderbyId" id="bf79e101-aa27-46ec-97d9-113367fe4245" mediaType="application/json" postQueryString="false"><con:settings><con:setting id="com.eviware.soapui.impl.wsdl.WsdlRequest@request-headers">&lt;entry key="Authorization" value="bearer eyJhbGciOiJIUzI1NiIsInR5cCI6IkpXVCJ9.eyJfaWQiOiI2MjI4YzI3OWQ3Y2VhNTAwMTcyZjE0Y2IiLCJpYXQiOjE2NDY4Mzk1NTgsImV4cCI6MTY0NjkyNTk1OH0._E3PbpzPyMZ6TSXE7WmqH5Zml27VQAkrpu_C-iCPl6Q" xmlns="http://eviware.com/soapui/config"/></con:setting></con:settings><con:endpoint>https://ecommerceservice.herokuapp.com</con:endpoint><con:request>{
	"product": "622934f99d4048001709f4ad",
	"quantity": 59
}
</con:request><con:originalUri>https://ecommerceservice.herokuapp.com/orders/622972aa4fe34700177fe1fe</con:originalUri><con:credentials><con:authType>No Authorization</con:authType></con:credentials><con:jmsConfig JMSDeliveryMode="PERSISTENT"/><con:jmsPropertyConfig/><con:parameters/><con:parameterOrder/></con:request></con:method></con:resource></con:interface><con:interface xsi:type="con:RestService" id="bf933287-290e-4774-aabd-ec7b89c4cc00" wadlVersion="http://wadl.dev.java.net/2009/02" name="https://ecommerceservice.herokuapp.com" type="rest" xmlns:xsi="http://www.w3.org/2001/XMLSchema-instance"><con:settings/><con:definitionCache type="TEXT" rootPart=""/><con:endpoints><con:endpoint>https://ecommerceservice.herokuapp.com</con:endpoint></con:endpoints><con:resource name="Id" path="/orders/${#TestSuite#oid}" id="f0456070-1d7a-49ce-bc29-ee800f558c94"><con:settings/><con:parameters/><con:method name="Id 1" id="235c3091-6ffb-4f40-98d4-4cebce93d608" method="DELETE"><con:settings/><con:parameters/><con:representation type="RESPONSE"><con:mediaType>application/json; charset=utf-8</con:mediaType><con:status>201 200</con:status><con:params/><con:element xmlns:aa4="https://ecommerceservice.herokuapp.com/orders/622972aa4fe34700177fe1fe">aa4:Response</con:element></con:representation><con:representation type="REQUEST"><con:mediaType>application/json</con:mediaType><con:params/></con:representation><con:request name="delete byorderId" id="8fe8d5da-a211-48ba-b56e-3d3946f371eb" mediaType="application/json" postQueryString="false"><con:settings><con:setting id="com.eviware.soapui.impl.wsdl.WsdlRequest@request-headers">&lt;entry key="Authorization" value="bearer eyJhbGciOiJIUzI1NiIsInR5cCI6IkpXVCJ9.eyJfaWQiOiI2MjI4YzI3OWQ3Y2VhNTAwMTcyZjE0Y2IiLCJpYXQiOjE2NDY4Mzk1NTgsImV4cCI6MTY0NjkyNTk1OH0._E3PbpzPyMZ6TSXE7WmqH5Zml27VQAkrpu_C-iCPl6Q" xmlns="http://eviware.com/soapui/config"/></con:setting></con:settings><con:endpoint>https://ecommerceservice.herokuapp.com</con:endpoint><con:request/><con:originalUri>https://ecommerceservice.herokuapp.com/orders/622972aa4fe34700177fe1fe</con:originalUri><con:credentials><con:authType>No Authorization</con:authType></con:credentials><con:jmsConfig JMSDeliveryMode="PERSISTENT"/><con:jmsPropertyConfig/><con:parameters/><con:parameterOrder/></con:request></con:method></con:resource></con:interface><con:testSuite id="16903cd5-99dc-4fb5-8936-4c750b792b8a" name="TestSuite"><con:settings/><con:runType>SEQUENTIAL</con:runType><con:testCase id="ec1755d3-b984-4f0a-973e-f6c175176366" failOnError="true" failTestCaseOnErrors="true" keepSession="false" maxResults="0" name="ecommerce" searchProperties="true"><con:settings/><con:testStep type="properties" name="Properties" id="5740450a-d42f-4e69-b8d9-dc20f111539e"><con:settings/><con:config xsi:type="con:PropertiesStep" saveFirst="true" xmlns:xsi="http://www.w3.org/2001/XMLSchema-instance"><con:properties><con:property><con:name>email</con:name><con:value>beliniiuodfghajiiii@gmail.com</con:value></con:property><con:property><con:name>password</con:name><con:value>belinda123</con:value></con:property></con:properties></con:config></con:testStep><con:testStep type="restrequest" name="register" id="21cc295d-71bd-4bf7-8103-7b175b2c8827" disabled="true"><con:settings/><con:config service="https://ecommerceservice.herokuapp.com" resourcePath="/user/signup" methodName="register" xsi:type="con:RestRequestStep" xmlns:xsi="http://www.w3.org/2001/XMLSchema-instance"><con:restRequest name="register" id="f1c820da-8f88-4512-8c37-4bb0708bb2ac" mediaType="application/json" postQueryString="false"><con:settings><con:setting id="com.eviware.soapui.impl.wsdl.WsdlRequest@request-headers">&lt;xml-fragment/></con:setting></con:settings><con:endpoint>https://ecommerceservice.herokuapp.com</con:endpoint><con:request>{
	"email": "${Properties#email}",
	"password": "${Properties#password}"
}


</con:request><con:originalUri>https://ecommerceservice.herokuapp.com/user/signup</con:originalUri><con:assertion type="Valid HTTP Status Codes" id="5066cde7-eb00-442d-9bb9-4975c97cbbae" name="Valid HTTP Status Codes"><con:configuration><codes>201</codes></con:configuration></con:assertion><con:credentials><con:authType>No Authorization</con:authType></con:credentials><con:jmsConfig JMSDeliveryMode="PERSISTENT"/><con:jmsPropertyConfig/><con:parameters/></con:restRequest></con:config></con:testStep><con:testStep type="restrequest" name="login" id="b76f03b1-9ba3-4ee5-9fd4-24399aa51aa7"><con:settings/><con:config service="https://ecommerceservice.herokuapp.com" resourcePath="/user/login" methodName="login" xsi:type="con:RestRequestStep" xmlns:xsi="http://www.w3.org/2001/XMLSchema-instance"><con:restRequest name="login" id="7f992b59-7593-4d84-b679-09f28c69984a" mediaType="application/json" postQueryString="false"><con:settings><con:setting id="com.eviware.soapui.impl.wsdl.WsdlRequest@request-headers">&lt;entry key="Authorization" value="bearer  " xmlns="http://eviware.com/soapui/config"/></con:setting></con:settings><con:endpoint>https://ecommerceservice.herokuapp.com</con:endpoint><con:request>{
	"email": "${Properties#email}",
	"password": "${Properties#password}"
}
</con:request><con:originalUri>https://ecommerceservice.herokuapp.com/user/login</con:originalUri><con:assertion type="GroovyScriptAssertion" id="3ddb7a45-600c-4a8f-9104-710c2299903c" name="Script Assertion"><con:configuration><scriptText>import groovy.json.JsonSlurper
def response= context.testCase.getTestStepByName("login").getPropertyValue("response")
def holder = new JsonSlurper().parseText(response)
def token=holder.accessToken
//log.info placeid
//if must store the value
context.testCase.testSuite.setPropertyValue("token","bearer "+token)
</scriptText></con:configuration></con:assertion><con:assertion type="Valid HTTP Status Codes" id="e44dc510-b338-49d0-968d-8b7eeedfe4e8" name="Valid HTTP Status Codes"><con:configuration><codes>200</codes></con:configuration></con:assertion><con:credentials><con:authType>No Authorization</con:authType></con:credentials><con:jmsConfig JMSDeliveryMode="PERSISTENT"/><con:jmsPropertyConfig/><con:parameters/></con:restRequest></con:config></con:testStep><con:testStep type="restrequest" name="get all users" id="8b3a9b3f-d901-474d-a6d3-9d7294bdd263"><con:settings/><con:config service="https://ecommerceservice.herokuapp.com" resourcePath="/user" methodName="get all users" xsi:type="con:RestRequestStep" xmlns:xsi="http://www.w3.org/2001/XMLSchema-instance"><con:restRequest name="get all users" id="8dcfed0b-ec64-40db-90fe-cac414f5bdfa" mediaType="application/json"><con:settings><con:setting id="com.eviware.soapui.impl.wsdl.WsdlRequest@request-headers">&lt;entry key="Authorization" value="${#TestSuite#token}" xmlns="http://eviware.com/soapui/config"/></con:setting></con:settings><con:endpoint>https://ecommerceservice.herokuapp.com</con:endpoint><con:request/><con:originalUri>https://ecommerceservice.herokuapp.com/user</con:originalUri><con:assertion type="Valid HTTP Status Codes" id="b4907614-6632-435e-a430-27a90bf9fa0e" name="Valid HTTP Status Codes"><con:configuration><codes>200</codes></con:configuration></con:assertion><con:assertion type="JsonPath Count" id="e7b73128-60b1-4d21-b75f-fd93c305f040" name="JsonPath Count" disabled="true"><con:configuration><path>users</path><content>298</content><allowWildcards>false</allowWildcards><ignoreNamspaceDifferences>false</ignoreNamspaceDifferences><ignoreComments>false</ignoreComments></con:configuration></con:assertion><con:assertion type="JsonPath Existence Match" id="c11181de-05f1-4cb6-b8cb-36aa24723480" name="JsonPath Existence Match" disabled="true"><con:configuration><path>users[244]._id</path><content>true</content><allowWildcards>false</allowWildcards><ignoreNamspaceDifferences>false</ignoreNamspaceDifferences><ignoreComments>false</ignoreComments></con:configuration></con:assertion><con:assertion type="JsonPath Match" id="7d000cce-8789-436c-a25f-f8f90ce144c3" name="JsonPath Match" disabled="true"><con:configuration><path>users[244]._id</path><content>622735af625984001745c223</content><allowWildcards>false</allowWildcards><ignoreNamspaceDifferences>false</ignoreNamspaceDifferences><ignoreComments>false</ignoreComments></con:configuration></con:assertion><con:assertion type="GroovyScriptAssertion" id="c2658f50-ce72-4fbe-9818-5c5cdee5f4c4" name="Script Assertion"><con:configuration><scriptText>import groovy.json.JsonSlurper
def save = context.testCase.getTestStepByName("get all users").getPropertyValue("response")
def holder  = new JsonSlurper().parseText(save)
def count = holder.count.toInteger()
for(def i=0;i&lt;count;i++)
{
	if(holder.users[i].email=="belinda2o2oi@gmail.com")
	{
	def id=holder.users[i]._id
	log.info id
	def id1=id.toString()
	context.testCase.testSuite.setPropertyValue("id",id1)
	}
}
</scriptText></con:configuration></con:assertion><con:credentials><con:authType>No Authorization</con:authType></con:credentials><con:jmsConfig JMSDeliveryMode="PERSISTENT"/><con:jmsPropertyConfig/><con:parameters/></con:restRequest></con:config></con:testStep><con:testStep type="restrequest" name="delete" id="7d0f34e1-6515-405c-a8f1-bb8e039df184"><con:settings/><con:config service="https://ecommerceservice.herokuapp.com" resourcePath="/user/6228b174d7cea500172f14a9" methodName="delete" xsi:type="con:RestRequestStep" xmlns:xsi="http://www.w3.org/2001/XMLSchema-instance"><con:restRequest name="delete" id="110b570b-6de4-4b56-9327-2d3b50b39e09" mediaType="application/json" postQueryString="false"><con:settings><con:setting id="com.eviware.soapui.impl.wsdl.WsdlRequest@request-headers">&lt;entry key="Authorization" value="${#TestSuite#token}" xmlns="http://eviware.com/soapui/config"/></con:setting></con:settings><con:endpoint>https://ecommerceservice.herokuapp.com</con:endpoint><con:request/><con:originalUri>https://ecommerceservice.herokuapp.com/user/6227354b625984001745c21a</con:originalUri><con:assertion type="Valid HTTP Status Codes" id="86d1a7be-a15c-49dc-80fe-4936bdb9c103" name="Valid HTTP Status Codes"><con:configuration><codes>200</codes></con:configuration></con:assertion><con:credentials><con:authType>No Authorization</con:authType></con:credentials><con:jmsConfig JMSDeliveryMode="PERSISTENT"/><con:jmsPropertyConfig/><con:parameters/><con:parameterOrder/></con:restRequest></con:config></con:testStep><con:properties/></con:testCase><con:properties><con:property><con:name>token</con:name><con:value xmlns:xsi="http://www.w3.org/2001/XMLSchema-instance">bearer eyJhbGciOiJIUzI1NiIsInR5cCI6IkpXVCJ9.eyJfaWQiOiI2MjJkOWY5YTgzYmU1NzAwMTcyNTM1ZDIiLCJpYXQiOjE2NDcxNTcxNTAsImV4cCI6MTY0NzI0MzU1MH0.mV-N0zncFKrnHeBcsS_489SCpBSXxcJgzkdXROrgzuA</con:value></con:property><con:property><con:name>id</con:name><con:value>62285cd9d7cea500172f1342</con:value></con:property><con:property><con:name>idi</con:name><con:value>62285cd9d7cea500172f1342</con:value></con:property></con:properties></con:testSuite><con:testSuite id="0cfd44c6-57c0-41f1-b5bc-28a12b5a66b2" name="Product"><con:settings/><con:runType>SEQUENTIAL</con:runType><con:testCase id="9beb276e-6887-4466-8837-d2bfb209542e" failOnError="true" failTestCaseOnErrors="true" keepSession="false" maxResults="0" name="product" searchProperties="true"><con:settings/><con:testStep type="properties" name="Properties" id="1a1d8415-22a7-4a4e-a691-1d622ac071f2"><con:settings/><con:config xsi:type="con:PropertiesStep" saveFirst="true" xmlns:xsi="http://www.w3.org/2001/XMLSchema-instance"><con:properties><con:property><con:name>name</con:name><con:value>blackberry</con:value></con:property><con:property><con:name>price</con:name><con:value>25000</con:value></con:property></con:properties></con:config></con:testStep><con:testStep type="restrequest" name="create Product" id="d89046d9-ab7f-4d78-ab81-7f6d821d9e65"><con:settings/><con:config service="https://ecommerceservice.herokuapp.com" resourcePath="/products" methodName="create Product" xsi:type="con:RestRequestStep" xmlns:xsi="http://www.w3.org/2001/XMLSchema-instance"><con:restRequest name="create Product" id="2b3ec87d-1b56-441b-866f-1d780cd4e3e6" mediaType="application/json" postQueryString="false"><con:settings><con:setting id="com.eviware.soapui.impl.wsdl.WsdlRequest@request-headers">&lt;entry key="Authorization" value="bearer eyJhbGciOiJIUzI1NiIsInR5cCI6IkpXVCJ9.eyJfaWQiOiI2MjI4YzI3OWQ3Y2VhNTAwMTcyZjE0Y2IiLCJpYXQiOjE2NDY4Mzk1NTgsImV4cCI6MTY0NjkyNTk1OH0._E3PbpzPyMZ6TSXE7WmqH5Zml27VQAkrpu_C-iCPl6Q  " xmlns="http://eviware.com/soapui/config"/></con:setting></con:settings><con:endpoint>https://ecommerceservice.herokuapp.com</con:endpoint><con:request>{
	"name": "${Properties#name}",
	"price": "${Properties#price}"
}
</con:request><con:originalUri>https://ecommerceservice.herokuapp.com/products</con:originalUri><con:assertion type="GroovyScriptAssertion" id="8ecb0277-75f8-4cc4-ad8a-9fafee9b2d28" name="Script Assertion"><con:configuration/></con:assertion><con:assertion type="GroovyScriptAssertion" id="f4e02a7e-50c9-4351-a323-23e2465f3bde" name="Script Assertion 1" disabled="true"><con:configuration><scriptText>import groovy.json.JsonSlurper
def ie =context.testCase.getTestStepByName("create Product").getPropertyValue("response")
def holder = new JsonSlurper().parseText(ie)
def count = holder.count.toInteger()
for(def i=0;i&lt;count;i++)
{
	if(holder.products[i].name=="blackberry")
	{
	def id=holder.products[i]._id
	log.info id
	def id1=id.toString()
	context.testCase.testSuite.setPropertyValue("id",id1)
	}
}</scriptText></con:configuration></con:assertion><con:credentials><con:authType>No Authorization</con:authType></con:credentials><con:jmsConfig JMSDeliveryMode="PERSISTENT"/><con:jmsPropertyConfig/><con:parameters/></con:restRequest></con:config></con:testStep><con:testStep type="restrequest" name="get all products" id="c7696555-2a64-4ee2-8277-cc3dce9e97bb"><con:settings/><con:config service="https://ecommerceservice.herokuapp.com" resourcePath="/products" methodName="Products 1" xsi:type="con:RestRequestStep" xmlns:xsi="http://www.w3.org/2001/XMLSchema-instance"><con:restRequest name="get all products" id="b234f4ce-4eac-4d3a-9451-8488899c2d34" mediaType="application/json"><con:settings><con:setting id="com.eviware.soapui.impl.wsdl.WsdlRequest@request-headers">&lt;entry key="Authorization" value="${#TestSuite#token}" xmlns="http://eviware.com/soapui/config"/></con:setting></con:settings><con:endpoint>https://ecommerceservice.herokuapp.com</con:endpoint><con:request/><con:originalUri>https://ecommerceservice.herokuapp.com/products</con:originalUri><con:assertion type="Valid HTTP Status Codes" id="77b0d3d4-2ac6-4538-9398-9383ffbf6b4b" name="Valid HTTP Status Codes"><con:configuration><codes>200</codes></con:configuration></con:assertion><con:assertion type="GroovyScriptAssertion" id="b7895577-c837-4802-bd6b-d5269581f6f0" name="Script Assertion"><con:configuration><scriptText>import groovy.json.JsonSlurper
def ie =context.testCase.getTestStepByName("get all products").getPropertyValue("response")
def holder = new JsonSlurper().parseText(ie)
def count = holder.count.toInteger()
for(def i=0;i&lt;count;i++)
{
	if(holder.products[i].name=="blackberry")
	{
	def id=holder.products[i]._id
	log.info id
	def id1=id.toString()
	context.testCase.testSuite.setPropertyValue("id",id1)
	}
}</scriptText></con:configuration></con:assertion><con:credentials><con:authType>No Authorization</con:authType></con:credentials><con:jmsConfig JMSDeliveryMode="PERSISTENT"/><con:jmsPropertyConfig/><con:parameters/></con:restRequest></con:config></con:testStep><con:testStep type="restrequest" name="get Product byId" id="5236f56b-154d-472e-84b4-f3b46fd5f015"><con:settings/><con:config service="https://ecommerceservice.herokuapp.com" resourcePath="/products/${#TestSuite#id}" methodName="Id 1" xsi:type="con:RestRequestStep" xmlns:xsi="http://www.w3.org/2001/XMLSchema-instance"><con:restRequest name="get Product byId" id="81a8d9be-62a1-42bf-a682-eae4037f9616" mediaType="application/json"><con:settings><con:setting id="com.eviware.soapui.impl.wsdl.WsdlRequest@request-headers">&lt;entry key="Authorization" value="bearer eyJhbGciOiJIUzI1NiIsInR5cCI6IkpXVCJ9.eyJfaWQiOiI2MjI4YzI3OWQ3Y2VhNTAwMTcyZjE0Y2IiLCJpYXQiOjE2NDY4Mzk1NTgsImV4cCI6MTY0NjkyNTk1OH0._E3PbpzPyMZ6TSXE7WmqH5Zml27VQAkrpu_C-iCPl6Q  " xmlns="http://eviware.com/soapui/config"/></con:setting></con:settings><con:endpoint>https://ecommerceservice.herokuapp.com</con:endpoint><con:request/><con:originalUri>https://ecommerceservice.herokuapp.com/products/6228cb5bd7cea500172f14e4</con:originalUri><con:assertion type="Valid HTTP Status Codes" id="8936a0c5-20e1-4cde-b61a-97f50c805548" name="Valid HTTP Status Codes"><con:configuration><codes>200</codes></con:configuration></con:assertion><con:assertion type="GroovyScriptAssertion" id="cec23ef7-0883-40bd-bec4-5c5d422637ec" name="Script Assertion" disabled="true"><con:configuration><scriptText>import groovy.json.JsonSlurper
def ie =context.testCase.getTestStepByName("get Product byId").getPropertyValue("response")
def holder = new JsonSlurper().parseText(ie)
def count = holder.count.toInteger()
for(def i=0;i&lt;count;i++)
{
	if(holder.products[i].name=="jefhweilf")
	{
	def id=holder.products[i]._id
	log.info id
	def id1=id.toString()
	context.testCase.testSuite.setPropertyValue("id",id1)
	}
}</scriptText></con:configuration></con:assertion><con:credentials><con:authType>No Authorization</con:authType></con:credentials><con:jmsConfig JMSDeliveryMode="PERSISTENT"/><con:jmsPropertyConfig/><con:parameters/><con:parameterOrder/></con:restRequest></con:config></con:testStep><con:testStep type="restrequest" name="update product" id="8f74b77d-668b-42f2-bd44-84e74e8450ca"><con:settings/><con:config service="https://ecommerceservice.herokuapp.com" resourcePath="/products/${#TestSuite#id}" methodName="Id 1" xsi:type="con:RestRequestStep" xmlns:xsi="http://www.w3.org/2001/XMLSchema-instance"><con:restRequest name="update product" id="b39a0489-afee-480d-b572-79be2ea2320d" mediaType="application/json" postQueryString="false"><con:settings><con:setting id="com.eviware.soapui.impl.wsdl.WsdlRequest@request-headers">&lt;entry key="Authorization" value="bearer eyJhbGciOiJIUzI1NiIsInR5cCI6IkpXVCJ9.eyJfaWQiOiI2MjI4YzI3OWQ3Y2VhNTAwMTcyZjE0Y2IiLCJpYXQiOjE2NDY4Mzk1NTgsImV4cCI6MTY0NjkyNTk1OH0._E3PbpzPyMZ6TSXE7WmqH5Zml27VQAkrpu_C-iCPl6Q  " xmlns="http://eviware.com/soapui/config"/></con:setting></con:settings><con:endpoint>https://ecommerceservice.herokuapp.com</con:endpoint><con:request>{
	"name": "fgfgfg",
	"price": 93944
}
</con:request><con:originalUri>https://ecommerceservice.herokuapp.com/products/6228cb5bd7cea500172f14e4</con:originalUri><con:assertion type="Valid HTTP Status Codes" id="952da82a-53d5-47f3-986b-bf62a96b30ca" name="Valid HTTP Status Codes"><con:configuration><codes>200</codes></con:configuration></con:assertion><con:credentials><con:authType>No Authorization</con:authType></con:credentials><con:jmsConfig JMSDeliveryMode="PERSISTENT"/><con:jmsPropertyConfig/><con:parameters/><con:parameterOrder/></con:restRequest></con:config></con:testStep><con:testStep type="restrequest" name="delete product" id="1844b699-47cf-4205-a981-2b01cc6e1c16"><con:settings/><con:config service="https://ecommerceservice.herokuapp.com" resourcePath="/products/${#TestSuite#id}" methodName="Id 1" xsi:type="con:RestRequestStep" xmlns:xsi="http://www.w3.org/2001/XMLSchema-instance"><con:restRequest name="delete product" id="850c5375-5e0e-4be7-826c-f3447dd83b68" mediaType="application/json" postQueryString="false"><con:settings><con:setting id="com.eviware.soapui.impl.wsdl.WsdlRequest@request-headers">&lt;entry key="Authorization" value="bearer eyJhbGciOiJIUzI1NiIsInR5cCI6IkpXVCJ9.eyJfaWQiOiI2MjI4YzI3OWQ3Y2VhNTAwMTcyZjE0Y2IiLCJpYXQiOjE2NDY4Mzk1NTgsImV4cCI6MTY0NjkyNTk1OH0._E3PbpzPyMZ6TSXE7WmqH5Zml27VQAkrpu_C-iCPl6Q  " xmlns="http://eviware.com/soapui/config"/></con:setting></con:settings><con:endpoint>https://ecommerceservice.herokuapp.com</con:endpoint><con:request/><con:originalUri>https://ecommerceservice.herokuapp.com/products/6228cb5bd7cea500172f14e4</con:originalUri><con:assertion type="Valid HTTP Status Codes" id="488dc747-bcfc-49c5-8797-7c66271ad396" name="Valid HTTP Status Codes"><con:configuration><codes>200</codes></con:configuration></con:assertion><con:credentials><con:authType>No Authorization</con:authType></con:credentials><con:jmsConfig JMSDeliveryMode="PERSISTENT"/><con:jmsPropertyConfig/><con:parameters/><con:parameterOrder/></con:restRequest></con:config></con:testStep><con:properties/></con:testCase><con:properties><con:property><con:name>id</con:name><con:value>62296dde4fe34700177fe1fa</con:value></con:property><con:property><con:name>token</con:name><con:value>bearer eyJhbGciOiJIUzI1NiIsInR5cCI6IkpXVCJ9.eyJfaWQiOiI2MjI4YzI3OWQ3Y2VhNTAwMTcyZjE0Y2IiLCJpYXQiOjE2NDY4NDYxODYsImV4cCI6MTY0NjkzMjU4Nn0.zzEy-7ksxcGeeHV1t4pispCCCJaypPXbFr24oMPpD24</con:value></con:property></con:properties></con:testSuite><con:testSuite id="f0a94b60-e436-4ec9-8d6c-ac05f2b1af46" name="Orders"><con:settings/><con:runType>SEQUENTIAL</con:runType><con:testCase id="a1bcd008-27c5-4ec6-9955-124c7a2e78eb" failOnError="true" failTestCaseOnErrors="true" keepSession="false" maxResults="0" name="orders" searchProperties="true"><con:settings/><con:testStep type="properties" name="Properties" id="2344d954-949d-4a27-8094-c705776df60e"><con:settings/><con:config xsi:type="con:PropertiesStep" saveFirst="true" xmlns:xsi="http://www.w3.org/2001/XMLSchema-instance"><con:properties><con:property><con:name>productid</con:name><con:value>622934f99d4048001709f4ad</con:value></con:property><con:property><con:name>quantity</con:name><con:value>87</con:value></con:property></con:properties></con:config></con:testStep><con:testStep type="restrequest" name="get all orders" id="3950fb84-95eb-4db6-bb8b-a207707b11d1"><con:settings/><con:config service="https://ecommerceservice.herokuapp.com" resourcePath="/orders" methodName="Orders 1" xsi:type="con:RestRequestStep" xmlns:xsi="http://www.w3.org/2001/XMLSchema-instance"><con:restRequest name="get all orders" id="3077085b-090e-4d74-bccc-a57e70cdb04e" mediaType="application/json"><con:settings><con:setting id="com.eviware.soapui.impl.wsdl.WsdlRequest@request-headers">&lt;entry key="Authorization" value="bearer eyJhbGciOiJIUzI1NiIsInR5cCI6IkpXVCJ9.eyJfaWQiOiI2MjI4YzI3OWQ3Y2VhNTAwMTcyZjE0Y2IiLCJpYXQiOjE2NDY4Mzk1NTgsImV4cCI6MTY0NjkyNTk1OH0._E3PbpzPyMZ6TSXE7WmqH5Zml27VQAkrpu_C-iCPl6Q  " xmlns="http://eviware.com/soapui/config"/></con:setting></con:settings><con:endpoint>https://ecommerceservice.herokuapp.com</con:endpoint><con:request/><con:originalUri>https://ecommerceservice.herokuapp.com/orders</con:originalUri><con:assertion type="Valid HTTP Status Codes" id="a9eb7097-e6a8-44f1-96f4-7f8b1406239f" name="Valid HTTP Status Codes"><con:configuration><codes>200</codes></con:configuration></con:assertion><con:credentials><con:authType>No Authorization</con:authType></con:credentials><con:jmsConfig JMSDeliveryMode="PERSISTENT"/><con:jmsPropertyConfig/><con:parameters/></con:restRequest></con:config></con:testStep><con:testStep type="restrequest" name="create order" id="7a741c03-0649-4b20-909e-0f28812dbbf2"><con:settings/><con:config service="https://ecommerceservice.herokuapp.com" resourcePath="/orders" methodName="create order" xsi:type="con:RestRequestStep" xmlns:xsi="http://www.w3.org/2001/XMLSchema-instance"><con:restRequest name="create order" id="95a34714-8b3d-4aca-91e8-978dbb08d309" mediaType="application/json" postQueryString="false"><con:settings><con:setting id="com.eviware.soapui.impl.wsdl.WsdlRequest@request-headers">&lt;entry key="Authorization" value="bearer eyJhbGciOiJIUzI1NiIsInR5cCI6IkpXVCJ9.eyJfaWQiOiI2MjI4YzI3OWQ3Y2VhNTAwMTcyZjE0Y2IiLCJpYXQiOjE2NDY4Mzk1NTgsImV4cCI6MTY0NjkyNTk1OH0._E3PbpzPyMZ6TSXE7WmqH5Zml27VQAkrpu_C-iCPl6Q   " xmlns="http://eviware.com/soapui/config"/></con:setting></con:settings><con:endpoint>https://ecommerceservice.herokuapp.com</con:endpoint><con:request>{
	"product": "${Properties#productid}",
	"quantity": "${Properties#quantity}"
}</con:request><con:originalUri>https://ecommerceservice.herokuapp.com/orders</con:originalUri><con:assertion type="Valid HTTP Status Codes" id="0330e324-eb71-46c4-8a96-6cb5eed6a560" name="Valid HTTP Status Codes"><con:configuration><codes>201</codes></con:configuration></con:assertion><con:assertion type="GroovyScriptAssertion" id="0a2ab0cb-fe47-4a63-8214-22a707aa3ecd" name="Script Assertion"><con:configuration><scriptText>import groovy.json.JsonSlurper
def d = context.testCase.getTestStepByName("create order").getPropertyValue("response")
def holder = new JsonSlurper().parseText(d)
def g=holder.order._id
context.testCase.testSuite.setPropertyValue("oid",g)</scriptText></con:configuration></con:assertion><con:credentials><con:authType>No Authorization</con:authType></con:credentials><con:jmsConfig JMSDeliveryMode="PERSISTENT"/><con:jmsPropertyConfig/><con:parameters/></con:restRequest></con:config></con:testStep><con:testStep type="restrequest" name="get order byId" id="21a25b88-a430-4b19-8d7f-a357e7f24388"><con:settings/><con:config service="https://ecommerceservice.herokuapp.com" resourcePath="/orders/${#TestSuite#oid}" methodName="Id 1" xsi:type="con:RestRequestStep" xmlns:xsi="http://www.w3.org/2001/XMLSchema-instance"><con:restRequest name="get order byId" id="67e17de8-0812-4a8c-8cac-d4618f2dc026" mediaType="application/json"><con:settings><con:setting id="com.eviware.soapui.impl.wsdl.WsdlRequest@request-headers">&lt;entry key="Authorization" value="bearer eyJhbGciOiJIUzI1NiIsInR5cCI6IkpXVCJ9.eyJfaWQiOiI2MjI4YzI3OWQ3Y2VhNTAwMTcyZjE0Y2IiLCJpYXQiOjE2NDY4Mzk1NTgsImV4cCI6MTY0NjkyNTk1OH0._E3PbpzPyMZ6TSXE7WmqH5Zml27VQAkrpu_C-iCPl6Q" xmlns="http://eviware.com/soapui/config"/></con:setting></con:settings><con:endpoint>https://ecommerceservice.herokuapp.com</con:endpoint><con:request/><con:originalUri>https://ecommerceservice.herokuapp.com/orders/622972aa4fe34700177fe1fe</con:originalUri><con:assertion type="Valid HTTP Status Codes" id="1bf8293f-39b0-4f08-96a3-33088cfdc8af" name="Valid HTTP Status Codes"><con:configuration><codes>201</codes></con:configuration></con:assertion><con:credentials><con:authType>No Authorization</con:authType></con:credentials><con:jmsConfig JMSDeliveryMode="PERSISTENT"/><con:jmsPropertyConfig/><con:parameters/><con:parameterOrder/></con:restRequest></con:config></con:testStep><con:testStep type="restrequest" name="update orderbyId" id="b82f76e0-1662-4a8f-b79b-d9c55472c36c"><con:settings/><con:config service="https://ecommerceservice.herokuapp.com" resourcePath="/orders/${#TestSuite#oid}" methodName="Id 1" xsi:type="con:RestRequestStep" xmlns:xsi="http://www.w3.org/2001/XMLSchema-instance"><con:restRequest name="update orderbyId" id="bf79e101-aa27-46ec-97d9-113367fe4245" mediaType="application/json" postQueryString="false"><con:settings><con:setting id="com.eviware.soapui.impl.wsdl.WsdlRequest@request-headers">&lt;entry key="Authorization" value="bearer eyJhbGciOiJIUzI1NiIsInR5cCI6IkpXVCJ9.eyJfaWQiOiI2MjI4YzI3OWQ3Y2VhNTAwMTcyZjE0Y2IiLCJpYXQiOjE2NDY4Mzk1NTgsImV4cCI6MTY0NjkyNTk1OH0._E3PbpzPyMZ6TSXE7WmqH5Zml27VQAkrpu_C-iCPl6Q" xmlns="http://eviware.com/soapui/config"/></con:setting></con:settings><con:endpoint>https://ecommerceservice.herokuapp.com</con:endpoint><con:request>{
	"product": "${Properties#productid}",
	"quantity": "${Properties#quantity}"
}
</con:request><con:originalUri>https://ecommerceservice.herokuapp.com/orders/622972aa4fe34700177fe1fe</con:originalUri><con:assertion type="Valid HTTP Status Codes" id="5d46bb73-7fe6-448b-bdaf-1214c9f0e1da" name="Valid HTTP Status Codes"><con:configuration><codes>200</codes></con:configuration></con:assertion><con:credentials><con:authType>No Authorization</con:authType></con:credentials><con:jmsConfig JMSDeliveryMode="PERSISTENT"/><con:jmsPropertyConfig/><con:parameters/><con:parameterOrder/></con:restRequest></con:config></con:testStep><con:testStep type="restrequest" name="delete byorderId" id="9b8748f3-88c0-4545-9977-6b16eff9b02b"><con:settings/><con:config service="https://ecommerceservice.herokuapp.com" resourcePath="/orders/${#TestSuite#oid}" methodName="Id 1" xsi:type="con:RestRequestStep" xmlns:xsi="http://www.w3.org/2001/XMLSchema-instance"><con:restRequest name="delete byorderId" id="8fe8d5da-a211-48ba-b56e-3d3946f371eb" mediaType="application/json" postQueryString="false"><con:settings><con:setting id="com.eviware.soapui.impl.wsdl.WsdlRequest@request-headers">&lt;entry key="Authorization" value="bearer eyJhbGciOiJIUzI1NiIsInR5cCI6IkpXVCJ9.eyJfaWQiOiI2MjI4YzI3OWQ3Y2VhNTAwMTcyZjE0Y2IiLCJpYXQiOjE2NDY4Mzk1NTgsImV4cCI6MTY0NjkyNTk1OH0._E3PbpzPyMZ6TSXE7WmqH5Zml27VQAkrpu_C-iCPl6Q" xmlns="http://eviware.com/soapui/config"/></con:setting></con:settings><con:endpoint>https://ecommerceservice.herokuapp.com</con:endpoint><con:request/><con:originalUri>https://ecommerceservice.herokuapp.com/orders/622972aa4fe34700177fe1fe</con:originalUri><con:assertion type="Valid HTTP Status Codes" id="3a37e9fb-094b-4c9c-a2e5-ff325c804992" name="Valid HTTP Status Codes"><con:configuration><codes>200</codes></con:configuration></con:assertion><con:credentials><con:authType>No Authorization</con:authType></con:credentials><con:jmsConfig JMSDeliveryMode="PERSISTENT"/><con:jmsPropertyConfig/><con:parameters/><con:parameterOrder/></con:restRequest></con:config></con:testStep><con:properties/></con:testCase><con:properties><con:property><con:name>oid</con:name><con:value>62297cd34fe34700177fe206</con:value></con:property></con:properties></con:testSuite><con:properties/><con:wssContainer/><con:oAuth2ProfileContainer/><con:oAuth1ProfileContainer/><con:sensitiveInformation/></con:soapui-project>