<?xml version="1.0" encoding="UTF-8"?>
<con:soapui-project id="1d18eb06-0db1-471e-a7b8-3b4ad332f386" activeEnvironment="Default" name="ShoppingService" resourceRoot="${projectDir}" soapui-version="5.7.0" abortOnError="false" runType="SEQUENTIAL" xmlns:con="http://eviware.com/soapui/config"><con:settings/><con:interface xsi:type="con:WsdlInterface" id="11d61465-19f0-4f82-9ef6-ef2279aba5a6" wsaVersion="NONE" name="ShoppingServiceSoapBinding" type="wsdl" bindingName="{http://expertz.me/service/eCommerce/ShoppingService/1.0}ShoppingServiceSoapBinding" soapVersion="1_1" anonymous="optional" definition="file:/C:/Users/Administrator/Downloads/Resources/ShoppingService.wsdl" xmlns:xsi="http://www.w3.org/2001/XMLSchema-instance"><con:settings/><con:definitionCache type="TEXT" rootPart="file:\C:\Users\Administrator\Downloads\Resources\ShoppingService.wsdl"><con:part><con:url>file:\C:\Users\Administrator\Downloads\Resources\ShoppingService.wsdl</con:url><con:content><![CDATA[<definitions name="ShoppingService" targetNamespace="http://expertz.me/service/eCommerce/ShoppingService/1.0" xmlns="http://schemas.xmlsoap.org/wsdl/" xmlns:sdt="http://expertz.me/data/eCommerce/ShoppingService/1.0" xmlns:wsdl="http://schemas.xmlsoap.org/wsdl/" xmlns:ss="http://expertz.me/service/eCommerce/ShoppingService/1.0" xmlns:xsd="http://www.w3.org/2001/XMLSchema" xmlns:soap="http://schemas.xmlsoap.org/wsdl/soap/" xmlns:xsi="http://www.w3.org/2001/XMLSchema-instance">
  <types>
    <xsd:schema>
      <xsd:import namespace="http://expertz.me/data/eCommerce/ShoppingService/1.0" schemaLocation="ShoppingService.xsd"/>
    </xsd:schema>
  </types>
  <message name="loginRequest">
    <part name="loginRequest" element="sdt:loginRequest"/>
  </message>
  <message name="loginResponse">
    <part name="sessionId" element="sdt:sessionId"/>
  </message>
  <message name="login_faultMsg">
    <part name="loginFault" element="sdt:faultMessage"/>
  </message>
  <message name="findRequest">
    <part name="findRequest" element="sdt:findRequest"/>
  </message>
  <message name="findResponse">
    <part name="findResponse" element="sdt:findResponse"/>
  </message>
  <message name="find_faultMsg">
    <part name="findFault" element="sdt:faultMessage"/>
  </message>
  <message name="purchaseRequest">
    <part name="purchaseRequest" element="sdt:purchaseRequest"/>
  </message>
  <message name="purchaseResponse">
    <part name="purchaseResponse" element="sdt:purchaseResponse"/>
  </message>
  <message name="purchase_faultMsg">
    <part name="purchaseFault" element="sdt:faultMessage"/>
  </message>
  <message name="logoutRequest">
    <part name="logoutRequest" element="sdt:logoutRequest"/>
  </message>
  <message name="logoutResponse">
    <part name="logoutResponse" element="sdt:logoutResponse"/>
  </message>
  <message name="logout_faultMsg">
    <part name="logoutFault" element="sdt:faultMessage"/>
  </message>
  <portType name="ShoppingServicePt">
    <operation name="login">
      <input message="ss:loginRequest"/>
      <output message="ss:loginResponse"/>
      <fault name="fault" message="ss:login_faultMsg"/>
    </operation>
    <operation name="logout">
      <input message="ss:logoutRequest"/>
      <output message="ss:logoutResponse"/>
      <fault name="fault" message="ss:logout_faultMsg"/>
    </operation>
    <operation name="find">
      <input message="ss:findRequest"/>
      <output message="ss:findResponse"/>
      <fault name="fault" message="ss:find_faultMsg"/>
    </operation>
    <operation name="purchase">
      <input message="ss:purchaseRequest"/>
      <output message="ss:purchaseResponse"/>
      <fault name="fault" message="ss:purchase_faultMsg"/>
    </operation>
  </portType>
  <binding name="ShoppingServiceSoapBinding" type="ss:ShoppingServicePt">
    <soap:binding style="document" transport="http://schemas.xmlsoap.org/soap/http"/>
    <operation name="login">
      <soap:operation soapAction="http://expertz.me/service/eCommerce/ShoppingService/1.0/login"/>
      <input>
        <soap:body use="literal"/>
      </input>
      <output>
        <soap:body use="literal"/>
      </output>
      <fault name="fault">
        <soap:fault name="fault" use="literal"/>
      </fault>
    </operation>
    <operation name="logout">
      <soap:operation soapAction="http://expertz.me/service/eCommerce/ShoppingService/1.0/logout"/>
      <input>
        <soap:body use="literal"/>
      </input>
      <output>
        <soap:body use="literal"/>
      </output>
    </operation>
    <operation name="find">
      <soap:operation soapAction="http://expertz.me/service/eCommerce/ShoppingService/1.0/find"/>
      <input>
        <soap:body use="literal"/>
      </input>
      <output>
        <soap:body use="literal"/>
      </output>
    </operation>
    <operation name="purchase">
      <soap:operation soapAction="http://expertz.me/service/eCommerce/ShoppingService/1.0/purchase"/>
      <input>
        <soap:body use="literal"/>
      </input>
      <output>
        <soap:body use="literal"/>
      </output>
    </operation>
  </binding>
  <service name="ShoppingService">
    <port name="ShoppingServicePort" binding="ss:ShoppingServiceSoapBinding">
      <soap:address location="http://localhost:8088/mockShoppingService"/>
    </port>
  </service>
</definitions>]]></con:content><con:type>http://schemas.xmlsoap.org/wsdl/</con:type></con:part><con:part><con:url>file:\C:\Users\Administrator\Downloads\Resources\ShoppingService.xsd</con:url><con:content><![CDATA[<xsd:schema targetNamespace="http://expertz.me/data/eCommerce/ShoppingService/1.0" elementFormDefault="qualified" xmlns:xsd="http://www.w3.org/2001/XMLSchema" xmlns:smsg="http://expertz.me/data/eCommerce/ShoppingService/1.0">
  <xsd:element name="faultMessage" type="xsd:string"/>
  <xsd:complexType name="FaultMessage">
    <xsd:sequence>
      <xsd:element name="errorCode" type="xsd:string"/>
      <xsd:element name="errorDesc" type="xsd:string"/>
    </xsd:sequence>
  </xsd:complexType>
  <xsd:element name="sessionId" type="smsg:SessionId"/>
  <xsd:simpleType name="SessionId">
    <xsd:restriction base="xsd:string"/>
  </xsd:simpleType>
  <xsd:simpleType name="PurchaseItem">
    <xsd:restriction base="xsd:string"/>
  </xsd:simpleType>
  <xsd:element name="purchaseRequest">
    <xsd:complexType>
      <xsd:sequence>
        <xsd:element name="sessionId" type="smsg:SessionId"/>
        <xsd:element name="purchaseItem" type="smsg:PurchaseItem"/>
      </xsd:sequence>
    </xsd:complexType>
  </xsd:element>
  <xsd:element name="loginRequest">
    <xsd:complexType>
      <xsd:sequence>
        <xsd:element name="username" type="xsd:string"/>
        <xsd:element name="password" type="xsd:string"/>
      </xsd:sequence>
    </xsd:complexType>
  </xsd:element>
  <xsd:element name="logoutRequest">
    <xsd:complexType>
      <xsd:sequence>
        <xsd:element name="sessionId" type="smsg:SessionId"/>
      </xsd:sequence>
    </xsd:complexType>
  </xsd:element>
  <xsd:element name="logoutResponse">
    <xsd:complexType>
      <xsd:sequence>
        <xsd:element name="logoutMessage" type="xsd:string"/>
      </xsd:sequence>
    </xsd:complexType>
  </xsd:element>
  <xsd:element name="findRequest">
    <xsd:complexType>
      <xsd:sequence>
        <xsd:element name="sessionId" type="xsd:string"/>
        <xsd:element name="findString" type="xsd:string"/>
      </xsd:sequence>
    </xsd:complexType>
  </xsd:element>
  <xsd:element name="findResponse">
    <xsd:complexType>
      <xsd:sequence>
        <xsd:element name="item" type="smsg:ItemType"/>
      </xsd:sequence>
    </xsd:complexType>
  </xsd:element>
  <xsd:complexType name="ItemType">
    <xsd:sequence>
      <xsd:element name="id" type="xsd:string"/>
      <xsd:element name="description" type="xsd:string"/>
      <xsd:element name="price" type="xsd:string"/>
    </xsd:sequence>
  </xsd:complexType>
  <xsd:element name="purchaseResponse">
    <xsd:complexType>
      <xsd:sequence>
        <xsd:element name="purchaseStatus" type="smsg:PurchaseStatusType"/>
      </xsd:sequence>
    </xsd:complexType>
  </xsd:element>
  <xsd:complexType name="PurchaseStatusType">
    <xsd:sequence>
      <xsd:element name="id" type="xsd:string"/>
      <xsd:element name="stockStatus" type="xsd:string"/>
      <xsd:element name="expectedDelivery" type="xsd:string"/>
    </xsd:sequence>
  </xsd:complexType>
</xsd:schema>]]></con:content><con:type>http://www.w3.org/2001/XMLSchema</con:type></con:part></con:definitionCache><con:endpoints><con:endpoint>http://DESKTOP-45J4RD0:8088/mockShoppingServiceSoapBinding</con:endpoint><con:endpoint>http://DESKTOP-45J4RD0:8088/mockShoppingServiceSoapBindingmc</con:endpoint><con:endpoint>http://localhost:8088/mockShoppingService</con:endpoint></con:endpoints><con:operation id="833ecf99-7fe9-4f0c-baa6-5c04728fed1f" isOneWay="false" action="http://expertz.me/service/eCommerce/ShoppingService/1.0/find" name="find" bindingOperationName="find" type="Request-Response" inputName="" receivesAttachments="false" sendsAttachments="false" anonymous="optional"><con:settings/><con:call id="6e6359cd-c0d6-4e0f-a84f-a01394b2191c" name="Request 1"><con:settings><con:setting id="com.eviware.soapui.impl.wsdl.WsdlRequest@request-headers">&lt;xml-fragment/></con:setting></con:settings><con:encoding>UTF-8</con:encoding><con:endpoint>http://localhost:8088/mockShoppingService</con:endpoint><con:request><![CDATA[<soapenv:Envelope xmlns:soapenv="http://schemas.xmlsoap.org/soap/envelope/" xmlns:ns="http://expertz.me/data/eCommerce/ShoppingService/1.0">\r
   <soapenv:Header/>\r
   <soapenv:Body>\r
      <ns:findRequest>\r
         <ns:sessionId>tgr</ns:sessionId>\r
         <ns:findString>rgtrs</ns:findString>\r
      </ns:findRequest>\r
   </soapenv:Body>\r
</soapenv:Envelope>]]></con:request><con:credentials><con:authType>No Authorization</con:authType></con:credentials><con:jmsConfig JMSDeliveryMode="PERSISTENT"/><con:jmsPropertyConfig/><con:wsaConfig mustUnderstand="NONE" version="200508" action="http://expertz.me/service/eCommerce/ShoppingService/1.0/find"/><con:wsrmConfig version="1.2"/></con:call></con:operation><con:operation id="605a254b-82c3-4741-9786-4f1021a51c14" isOneWay="false" action="http://expertz.me/service/eCommerce/ShoppingService/1.0/login" name="login" bindingOperationName="login" type="Request-Response" inputName="" receivesAttachments="false" sendsAttachments="false" anonymous="optional"><con:settings/><con:call id="742b458a-c9c8-4366-b06e-f7cf109a9245" name="valid request"><con:settings><con:setting id="com.eviware.soapui.impl.wsdl.WsdlRequest@request-headers">&lt;xml-fragment/></con:setting></con:settings><con:encoding>UTF-8</con:encoding><con:endpoint>http://DESKTOP-45J4RD0:8088/mockShoppingServiceSoapBindingmc</con:endpoint><con:request><![CDATA[<soapenv:Envelope xmlns:soapenv="http://schemas.xmlsoap.org/soap/envelope/" xmlns:ns="http://expertz.me/data/eCommerce/ShoppingService/1.0">\r
   <soapenv:Header/>\r
   <soapenv:Body>\r
      <ns:loginRequest>\r
         <ns:username>iybelinda</ns:username>\r
         <ns:password>Welcome13</ns:password>\r
      </ns:loginRequest>\r
   </soapenv:Body>\r
</soapenv:Envelope>]]></con:request><con:credentials><con:authType>No Authorization</con:authType></con:credentials><con:jmsConfig JMSDeliveryMode="PERSISTENT"/><con:jmsPropertyConfig/><con:wsaConfig mustUnderstand="NONE" version="200508" action="http://expertz.me/service/eCommerce/ShoppingService/1.0/login"/><con:wsrmConfig version="1.2"/></con:call><con:call id="c32831ce-0f6a-4515-afc1-e65c24c3019f" name="invalid request"><con:settings><con:setting id="com.eviware.soapui.impl.wsdl.WsdlRequest@request-headers">&lt;xml-fragment/></con:setting></con:settings><con:encoding>UTF-8</con:encoding><con:endpoint>http://DESKTOP-45J4RD0:8088/mockShoppingServiceSoapBindingmc</con:endpoint><con:request><![CDATA[<soapenv:Envelope xmlns:soapenv="http://schemas.xmlsoap.org/soap/envelope/" xmlns:ns="http://expertz.me/data/eCommerce/ShoppingService/1.0">\r
   <soapenv:Header/>\r
   <soapenv:Body>\r
      <ns:loginRequest>\r
         <ns:username>?</ns:username>\r
         <ns:password>?</ns:password>\r
      </ns:loginRequest>\r
   </soapenv:Body>\r
</soapenv:Envelope>]]></con:request><con:credentials><con:authType>No Authorization</con:authType></con:credentials><con:jmsConfig JMSDeliveryMode="PERSISTENT"/><con:jmsPropertyConfig/><con:wsaConfig mustUnderstand="NONE" version="200508" action="http://expertz.me/service/eCommerce/ShoppingService/1.0/login"/><con:wsrmConfig version="1.2"/></con:call></con:operation><con:operation id="0f9c7c55-fc5d-41cf-bbd0-2a7bb3821b85" isOneWay="false" action="http://expertz.me/service/eCommerce/ShoppingService/1.0/logout" name="logout" bindingOperationName="logout" type="Request-Response" inputName="" receivesAttachments="false" sendsAttachments="false" anonymous="optional"><con:settings/><con:call id="26db14a8-f103-4529-94e3-0be68fca6081" name="Request 1"><con:settings/><con:encoding>UTF-8</con:encoding><con:endpoint>http://localhost:8088/mockShoppingService</con:endpoint><con:request><![CDATA[<soapenv:Envelope xmlns:soapenv="http://schemas.xmlsoap.org/soap/envelope/" xmlns:ns="http://expertz.me/data/eCommerce/ShoppingService/1.0">\r
   <soapenv:Header/>\r
   <soapenv:Body>\r
      <ns:logoutRequest>\r
         <ns:sessionId>?</ns:sessionId>\r
      </ns:logoutRequest>\r
   </soapenv:Body>\r
</soapenv:Envelope>]]></con:request><con:wsaConfig mustUnderstand="NONE" version="200508" action="http://expertz.me/service/eCommerce/ShoppingService/1.0/logout"/></con:call></con:operation><con:operation id="6b832a9d-3d1c-4edc-884b-75f88d78d24f" isOneWay="false" action="http://expertz.me/service/eCommerce/ShoppingService/1.0/purchase" name="purchase" bindingOperationName="purchase" type="Request-Response" inputName="" receivesAttachments="false" sendsAttachments="false" anonymous="optional"><con:settings/><con:call id="3e6b8c2f-3eaf-467b-8516-9d402105d903" name="Request 1"><con:settings/><con:encoding>UTF-8</con:encoding><con:endpoint>http://localhost:8088/mockShoppingService</con:endpoint><con:request><![CDATA[<soapenv:Envelope xmlns:soapenv="http://schemas.xmlsoap.org/soap/envelope/" xmlns:ns="http://expertz.me/data/eCommerce/ShoppingService/1.0">\r
   <soapenv:Header/>\r
   <soapenv:Body>\r
      <ns:purchaseRequest>\r
         <ns:sessionId>?</ns:sessionId>\r
         <ns:purchaseItem>?</ns:purchaseItem>\r
      </ns:purchaseRequest>\r
   </soapenv:Body>\r
</soapenv:Envelope>]]></con:request><con:wsaConfig mustUnderstand="NONE" version="200508" action="http://expertz.me/service/eCommerce/ShoppingService/1.0/purchase"/></con:call></con:operation></con:interface><con:testSuite id="ee03761c-3bb1-4ea9-8e96-80424313985a" name="ShoppingServiceSoapBinding TestSuite"><con:settings/><con:runType>SEQUENTIAL</con:runType><con:testCase id="72957e65-c793-4e4e-bf2c-b0df70cb534f" failOnError="true" failTestCaseOnErrors="true" keepSession="false" maxResults="0" name="Traditional Login and Logout" searchProperties="true"><con:settings/><con:testStep type="properties" name="username and password" id="10272499-efe0-43ee-9749-dc13b839400d"><con:settings/><con:config xsi:type="con:PropertiesStep" saveFirst="true" xmlns:xsi="http://www.w3.org/2001/XMLSchema-instance"><con:properties><con:property><con:name>username</con:name><con:value>belindaann</con:value></con:property><con:property><con:name>password</con:name><con:value>belindaj</con:value></con:property><con:property><con:name>findString</con:name><con:value>Android Tablet</con:value></con:property></con:properties></con:config></con:testStep><con:testStep type="transfer" name="username and password transfer" id="3fed05b6-5005-41e4-84af-c6a351dc4bed"><con:settings/><con:config xsi:type="con:PropertyTransfersStep" xmlns:xsi="http://www.w3.org/2001/XMLSchema-instance"><con:transfers setNullOnMissingSource="true" transferTextContent="true" failOnError="true" ignoreEmpty="false" transferToAll="false" entitize="false" transferChildNodes="false"><con:name>username</con:name><con:sourceType>username</con:sourceType><con:sourceStep>username and password</con:sourceStep><con:targetType>Request</con:targetType><con:targetStep>Login</con:targetStep><con:targetPath>declare namespace soap='http://schemas.xmlsoap.org/soap/envelope/';
declare namespace ns1='http://expertz.me/data/eCommerce/ShoppingService/1.0';
declare namespace ns2='http://expertz.me/service/eCommerce/ShoppingService/1.0';

//*:username</con:targetPath><con:upgraded>true</con:upgraded></con:transfers><con:transfers setNullOnMissingSource="true" transferTextContent="true" failOnError="true" ignoreEmpty="false" transferToAll="false" entitize="false" transferChildNodes="false"><con:name>password</con:name><con:sourceType>password</con:sourceType><con:sourceStep>username and password</con:sourceStep><con:targetType>Request</con:targetType><con:targetStep>Login</con:targetStep><con:targetPath>declare namespace soap='http://schemas.xmlsoap.org/soap/envelope/';
declare namespace ns1='http://expertz.me/data/eCommerce/ShoppingService/1.0';
declare namespace ns2='http://expertz.me/service/eCommerce/ShoppingService/1.0';

//*:password</con:targetPath><con:upgraded>true</con:upgraded></con:transfers></con:config></con:testStep><con:testStep type="request" name="Login" id="decbfc3b-2cf9-4ac6-9fd5-8a684657be13"><con:settings/><con:config xsi:type="con:RequestStep" xmlns:xsi="http://www.w3.org/2001/XMLSchema-instance"><con:interface>ShoppingServiceSoapBinding</con:interface><con:operation>login</con:operation><con:request name="Login" id="1cba404c-4497-4763-8032-1cba8e8ddb52"><con:settings><con:setting id="com.eviware.soapui.impl.wsdl.WsdlRequest@request-headers">&lt;xml-fragment/></con:setting></con:settings><con:encoding>UTF-8</con:encoding><con:endpoint>http://DESKTOP-45J4RD0:8088/mockShoppingServiceSoapBinding</con:endpoint><con:request><![CDATA[<soapenv:Envelope xmlns:soapenv="http://schemas.xmlsoap.org/soap/envelope/" xmlns:ns="http://expertz.me/data/eCommerce/ShoppingService/1.0">
   <soapenv:Header/>
   <soapenv:Body>
      <ns:loginRequest>
         <ns:username>belindaann</ns:username>
         <ns:password>belindaj</ns:password>
      </ns:loginRequest>
   </soapenv:Body>
</soapenv:Envelope>]]></con:request><con:assertion type="SOAP Response" id="d4a38280-a356-453e-961f-ef945b7de5bf"/><con:assertion type="Schema Compliance" id="bca0e137-6c9c-4161-aaad-41ee4ab13dca"><con:configuration/></con:assertion><con:assertion type="SOAP Fault Assertion" id="819d435f-31c0-4edf-91b5-27448fbb70a9"/><con:credentials><con:authType>No Authorization</con:authType></con:credentials><con:jmsConfig JMSDeliveryMode="PERSISTENT"/><con:jmsPropertyConfig/><con:wsaConfig mustUnderstand="NONE" version="200508"/><con:wsrmConfig version="1.2"/></con:request></con:config></con:testStep><con:testStep type="transfer" name="sessionId and findString transfer" id="b4fe387e-5b6f-45e7-9024-0f4bf0299a00"><con:settings/><con:config xsi:type="con:PropertyTransfersStep" xmlns:xsi="http://www.w3.org/2001/XMLSchema-instance"><con:transfers setNullOnMissingSource="true" transferTextContent="true" failOnError="true" ignoreEmpty="false" transferToAll="false" entitize="false" transferChildNodes="false"><con:name>sessionId</con:name><con:sourceType>Response</con:sourceType><con:sourceStep>Login</con:sourceStep><con:sourcePath>declare namespace soap='http://schemas.xmlsoap.org/soap/envelope/';
declare namespace ns1='http://expertz.me/data/eCommerce/ShoppingService/1.0';
declare namespace ns2='http://expertz.me/service/eCommerce/ShoppingService/1.0';
//*:sessionId</con:sourcePath><con:targetType>Request</con:targetType><con:targetStep>find</con:targetStep><con:targetPath>declare namespace soap='http://schemas.xmlsoap.org/soap/envelope/';
declare namespace ns1='http://expertz.me/data/eCommerce/ShoppingService/1.0';
declare namespace ns2='http://expertz.me/service/eCommerce/ShoppingService/1.0';
//*:sessionId</con:targetPath><con:upgraded>true</con:upgraded></con:transfers><con:transfers setNullOnMissingSource="true" transferTextContent="true" failOnError="true" ignoreEmpty="false" transferToAll="false" entitize="false" transferChildNodes="false"><con:name>findString</con:name><con:sourceType>findString</con:sourceType><con:sourceStep>username and password</con:sourceStep><con:targetType>Request</con:targetType><con:targetStep>find</con:targetStep><con:targetPath>declare namespace soap='http://schemas.xmlsoap.org/soap/envelope/';
declare namespace ns1='http://expertz.me/data/eCommerce/ShoppingService/1.0';
declare namespace ns2='http://expertz.me/service/eCommerce/ShoppingService/1.0';
//*:findString</con:targetPath><con:upgraded>true</con:upgraded></con:transfers></con:config></con:testStep><con:testStep type="request" name="find" id="1f5e3d76-a50d-45df-b483-3b781a618dda"><con:settings/><con:config xsi:type="con:RequestStep" xmlns:xsi="http://www.w3.org/2001/XMLSchema-instance"><con:interface>ShoppingServiceSoapBinding</con:interface><con:operation>find</con:operation><con:request name="find" id="f1b70e05-7cda-42f6-8a95-5bbf5421bbf4"><con:settings><con:setting id="com.eviware.soapui.impl.wsdl.WsdlRequest@request-headers">&lt;xml-fragment/></con:setting></con:settings><con:encoding>UTF-8</con:encoding><con:endpoint>http://DESKTOP-45J4RD0:8088/mockShoppingServiceSoapBinding</con:endpoint><con:request><![CDATA[<soapenv:Envelope xmlns:soapenv="http://schemas.xmlsoap.org/soap/envelope/" xmlns:ns="http://expertz.me/data/eCommerce/ShoppingService/1.0">
   <soapenv:Header/>
   <soapenv:Body>
      <ns:findRequest>
         <ns:sessionId>5163279568040315</ns:sessionId>
         <ns:findString>Android Tablet</ns:findString>
      </ns:findRequest>
   </soapenv:Body>
</soapenv:Envelope>]]></con:request><con:assertion type="SOAP Response" id="900b8f26-2102-490f-b2a3-00ff85e264e3"/><con:assertion type="Schema Compliance" id="7a2334b0-3e7f-4935-8044-03431c8ad76c"><con:configuration/></con:assertion><con:assertion type="SOAP Fault Assertion" id="caee8f14-a6df-47e6-a025-d96478b18515"/><con:credentials><con:authType>No Authorization</con:authType></con:credentials><con:jmsConfig JMSDeliveryMode="PERSISTENT"/><con:jmsPropertyConfig/><con:wsaConfig mustUnderstand="NONE" version="200508"/><con:wsrmConfig version="1.2"/></con:request></con:config></con:testStep><con:testStep type="transfer" name="sessionId and purchaseItem transfer" id="d920b52c-acfd-4cc4-b61c-3577fa6bb669"><con:settings/><con:config xsi:type="con:PropertyTransfersStep" xmlns:xsi="http://www.w3.org/2001/XMLSchema-instance"><con:transfers setNullOnMissingSource="true" transferTextContent="true" failOnError="true" ignoreEmpty="false" transferToAll="false" entitize="false" transferChildNodes="false"><con:name>sessionId</con:name><con:sourceType>Response</con:sourceType><con:sourceStep>Login</con:sourceStep><con:sourcePath>declare namespace soap='http://schemas.xmlsoap.org/soap/envelope/';
declare namespace ns1='http://expertz.me/data/eCommerce/ShoppingService/1.0';
declare namespace ns2='http://expertz.me/service/eCommerce/ShoppingService/1.0';
//*:sessionId</con:sourcePath><con:targetType>Request</con:targetType><con:targetStep>purchase</con:targetStep><con:targetPath>declare namespace soap='http://schemas.xmlsoap.org/soap/envelope/';
declare namespace ns1='http://expertz.me/data/eCommerce/ShoppingService/1.0';
declare namespace ns2='http://expertz.me/service/eCommerce/ShoppingService/1.0';
//*:sessionId</con:targetPath><con:upgraded>true</con:upgraded></con:transfers><con:transfers setNullOnMissingSource="true" transferTextContent="true" failOnError="true" ignoreEmpty="false" transferToAll="false" entitize="false" transferChildNodes="false"><con:name>purchaseItem</con:name><con:sourceType>findString</con:sourceType><con:sourceStep>username and password</con:sourceStep><con:sourcePath/><con:targetType>Request</con:targetType><con:targetStep>purchase</con:targetStep><con:targetPath>declare namespace soap='http://schemas.xmlsoap.org/soap/envelope/';
declare namespace ns1='http://expertz.me/data/eCommerce/ShoppingService/1.0';
declare namespace ns2='http://expertz.me/service/eCommerce/ShoppingService/1.0';
//*:purchaseItem</con:targetPath><con:upgraded>true</con:upgraded></con:transfers></con:config></con:testStep><con:testStep type="request" name="purchase" id="851b7f9e-6470-4e03-99ce-b4e87c0d8a4e"><con:settings/><con:config xsi:type="con:RequestStep" xmlns:xsi="http://www.w3.org/2001/XMLSchema-instance"><con:interface>ShoppingServiceSoapBinding</con:interface><con:operation>purchase</con:operation><con:request name="purchase" id="086f01e4-2f77-443d-8166-03375836cae0"><con:settings><con:setting id="com.eviware.soapui.impl.wsdl.WsdlRequest@request-headers">&lt;xml-fragment/></con:setting></con:settings><con:encoding>UTF-8</con:encoding><con:endpoint>http://DESKTOP-45J4RD0:8088/mockShoppingServiceSoapBinding</con:endpoint><con:request><![CDATA[<soapenv:Envelope xmlns:soapenv="http://schemas.xmlsoap.org/soap/envelope/" xmlns:ns="http://expertz.me/data/eCommerce/ShoppingService/1.0">
   <soapenv:Header/>
   <soapenv:Body>
      <ns:purchaseRequest>
         <ns:sessionId>5163279568040315</ns:sessionId>
         <ns:purchaseItem>Android Tablet</ns:purchaseItem>
      </ns:purchaseRequest>
   </soapenv:Body>
</soapenv:Envelope>]]></con:request><con:assertion type="SOAP Response" id="424d91c1-62d4-4fa7-aab3-270d1c781687"/><con:assertion type="Schema Compliance" id="41f40bae-dd03-4efb-a606-18f7d68ced48"><con:configuration/></con:assertion><con:assertion type="SOAP Fault Assertion" id="150f3573-8227-44f9-a143-caf1848449e7"/><con:credentials><con:authType>No Authorization</con:authType></con:credentials><con:jmsConfig JMSDeliveryMode="PERSISTENT"/><con:jmsPropertyConfig/><con:wsaConfig mustUnderstand="NONE" version="200508"/><con:wsrmConfig version="1.2"/></con:request></con:config></con:testStep><con:testStep type="transfer" name="sessionId transfer" id="79d6706e-f47c-48e3-9e49-6eef27f80ec8"><con:settings/><con:config xsi:type="con:PropertyTransfersStep" xmlns:xsi="http://www.w3.org/2001/XMLSchema-instance"><con:transfers setNullOnMissingSource="true" transferTextContent="true" failOnError="true" ignoreEmpty="false" transferToAll="false" entitize="false" transferChildNodes="false"><con:name>sessionId</con:name><con:sourceType>Response</con:sourceType><con:sourceStep>Login</con:sourceStep><con:sourcePath>declare namespace soap='http://schemas.xmlsoap.org/soap/envelope/';
declare namespace ns1='http://expertz.me/data/eCommerce/ShoppingService/1.0';
declare namespace ns2='http://expertz.me/service/eCommerce/ShoppingService/1.0';
//*:sessionId</con:sourcePath><con:targetType>Request</con:targetType><con:targetStep>Logout</con:targetStep><con:targetPath>declare namespace soap='http://schemas.xmlsoap.org/soap/envelope/';
declare namespace ns1='http://expertz.me/data/eCommerce/ShoppingService/1.0';
declare namespace ns2='http://expertz.me/service/eCommerce/ShoppingService/1.0';
//*:sessionId</con:targetPath><con:upgraded>true</con:upgraded></con:transfers></con:config></con:testStep><con:testStep type="request" name="Logout" id="a8be54d7-e6cb-44e2-922b-b16208780645"><con:settings/><con:config xsi:type="con:RequestStep" xmlns:xsi="http://www.w3.org/2001/XMLSchema-instance"><con:interface>ShoppingServiceSoapBinding</con:interface><con:operation>logout</con:operation><con:request name="Logout" id="160f66d2-b453-4299-b63b-9cf657924443"><con:settings><con:setting id="com.eviware.soapui.impl.wsdl.WsdlRequest@request-headers">&lt;xml-fragment/></con:setting></con:settings><con:encoding>UTF-8</con:encoding><con:endpoint>http://DESKTOP-45J4RD0:8088/mockShoppingServiceSoapBinding</con:endpoint><con:request><![CDATA[<soapenv:Envelope xmlns:soapenv="http://schemas.xmlsoap.org/soap/envelope/" xmlns:ns="http://expertz.me/data/eCommerce/ShoppingService/1.0">
   <soapenv:Header/>
   <soapenv:Body>
      <ns:logoutRequest>
         <ns:sessionId>5163279568040315</ns:sessionId>
      </ns:logoutRequest>
   </soapenv:Body>
</soapenv:Envelope>]]></con:request><con:assertion type="SOAP Response" id="e4d5c617-9041-4399-8ff4-e9efc2920c46"/><con:assertion type="Schema Compliance" id="7cf16bdc-d6ce-4034-817b-1dd215fd6f7a"><con:configuration/></con:assertion><con:assertion type="SOAP Fault Assertion" id="ea8e8fb8-f087-4af2-af50-c342363e2c3a"/><con:credentials><con:authType>No Authorization</con:authType></con:credentials><con:jmsConfig JMSDeliveryMode="PERSISTENT"/><con:jmsPropertyConfig/><con:wsaConfig mustUnderstand="NONE" version="200508"/><con:wsrmConfig version="1.2"/></con:request></con:config></con:testStep><con:properties/></con:testCase><con:testCase id="d5320a3f-69e7-4b80-bdb0-29a2267fb82d" failOnError="true" failTestCaseOnErrors="true" keepSession="false" maxResults="0" name="Property Expansion Login and Logout" searchProperties="true"><con:settings/><con:testStep type="properties" name="username and password property" id="45a559b8-3254-4760-a384-0cb423c485cf"><con:settings/><con:config xsi:type="con:PropertiesStep" saveFirst="true" xmlns:xsi="http://www.w3.org/2001/XMLSchema-instance"><con:properties><con:property><con:name>username</con:name><con:value>blackberry</con:value></con:property><con:property><con:name>password</con:name><con:value xsi:nil="true"/></con:property><con:property><con:name>findString</con:name><con:value>Android Tablet</con:value></con:property></con:properties></con:config></con:testStep><con:testStep type="request" name="Login" id="e141e5db-d7b2-4462-a7a6-b16c394f58e8"><con:settings/><con:config xsi:type="con:RequestStep" xmlns:xsi="http://www.w3.org/2001/XMLSchema-instance"><con:interface>ShoppingServiceSoapBinding</con:interface><con:operation>login</con:operation><con:request name="Login" id="1cba404c-4497-4763-8032-1cba8e8ddb52"><con:settings><con:setting id="com.eviware.soapui.impl.wsdl.WsdlRequest@request-headers">&lt;xml-fragment/></con:setting></con:settings><con:encoding>UTF-8</con:encoding><con:endpoint>http://DESKTOP-45J4RD0:8088/mockShoppingServiceSoapBinding</con:endpoint><con:request><![CDATA[<soapenv:Envelope xmlns:soapenv="http://schemas.xmlsoap.org/soap/envelope/" xmlns:ns="http://expertz.me/data/eCommerce/ShoppingService/1.0">
   <soapenv:Header/>
   <soapenv:Body>
      <ns:loginRequest>
         <ns:username>${username and password property#username}</ns:username>
         <ns:password>${username and password property#password}</ns:password>
      </ns:loginRequest>
   </soapenv:Body>
</soapenv:Envelope>]]></con:request><con:assertion type="SOAP Response" id="d4a38280-a356-453e-961f-ef945b7de5bf"/><con:assertion type="Schema Compliance" id="bca0e137-6c9c-4161-aaad-41ee4ab13dca"><con:configuration/></con:assertion><con:assertion type="SOAP Fault Assertion" id="819d435f-31c0-4edf-91b5-27448fbb70a9"/><con:credentials><con:authType>No Authorization</con:authType></con:credentials><con:jmsConfig JMSDeliveryMode="PERSISTENT"/><con:jmsPropertyConfig/><con:wsaConfig mustUnderstand="NONE" version="200508"/><con:wsrmConfig version="1.2"/></con:request></con:config></con:testStep><con:testStep type="request" name="Find" id="8a3bd56c-6268-46f4-a6dc-c4f6fc78b834"><con:settings/><con:config xsi:type="con:RequestStep" xmlns:xsi="http://www.w3.org/2001/XMLSchema-instance"><con:interface>ShoppingServiceSoapBinding</con:interface><con:operation>find</con:operation><con:request name="Find" id="2e40e692-7b7c-490b-81ab-23328687281b"><con:settings><con:setting id="com.eviware.soapui.impl.wsdl.WsdlRequest@request-headers">&lt;xml-fragment/></con:setting></con:settings><con:encoding>UTF-8</con:encoding><con:endpoint>http://DESKTOP-45J4RD0:8088/mockShoppingServiceSoapBindingmc</con:endpoint><con:request><![CDATA[<soapenv:Envelope xmlns:soapenv="http://schemas.xmlsoap.org/soap/envelope/" xmlns:ns="http://expertz.me/data/eCommerce/ShoppingService/1.0">\r
   <soapenv:Header/>\r
   <soapenv:Body>\r
      <ns:findRequest>\r
         <ns:sessionId>${Login#Response#//*:sessionId}</ns:sessionId>\r
         <ns:findString>${username and password property#findString}</ns:findString>\r
      </ns:findRequest>\r
   </soapenv:Body>\r
</soapenv:Envelope>]]></con:request><con:assertion type="SOAP Response" id="ada12eaf-2d9f-487b-94d2-463f6b5ac598"/><con:assertion type="Schema Compliance" id="4c2259d8-9532-49b7-8926-bc4d5b62a118"><con:configuration/></con:assertion><con:assertion type="SOAP Fault Assertion" id="4cee38d3-0800-4ddf-a040-ec7014303bba"/><con:credentials><con:authType>No Authorization</con:authType></con:credentials><con:jmsConfig JMSDeliveryMode="PERSISTENT"/><con:jmsPropertyConfig/><con:wsaConfig mustUnderstand="NONE" version="200508"/><con:wsrmConfig version="1.2"/></con:request></con:config></con:testStep><con:testStep type="groovy" name="purchase condition" id="589687e3-2918-4528-aa35-e4fbe0565c7e"><con:settings/><con:config><script>def ji=context.expand('${Login#Request#//*:username}')
//log.info ji
if(ji !="belinda")
{
	log.info "Wrong person"
	testRunner.gotoStepByName("Logout")
}
else
{
	log.info "send to purchase"
}
</script></con:config></con:testStep><con:testStep type="request" name="Purchase" id="9ea9070d-0902-4cf6-8a19-7a6d12fb2b2c"><con:settings/><con:config xsi:type="con:RequestStep" xmlns:xsi="http://www.w3.org/2001/XMLSchema-instance"><con:interface>ShoppingServiceSoapBinding</con:interface><con:operation>purchase</con:operation><con:request name="Purchase" id="25f2788a-a5de-4f29-84f1-eb9002637e9f"><con:settings><con:setting id="com.eviware.soapui.impl.wsdl.WsdlRequest@request-headers">&lt;xml-fragment/></con:setting></con:settings><con:encoding>UTF-8</con:encoding><con:endpoint>http://DESKTOP-45J4RD0:8088/mockShoppingServiceSoapBindingmc</con:endpoint><con:request><![CDATA[<soapenv:Envelope xmlns:soapenv="http://schemas.xmlsoap.org/soap/envelope/" xmlns:ns="http://expertz.me/data/eCommerce/ShoppingService/1.0">\r
   <soapenv:Header/>\r
   <soapenv:Body>\r
      <ns:purchaseRequest>\r
         <ns:sessionId>${Login#Response#//*:sessionId}</ns:sessionId>\r
         <ns:purchaseItem>${username and password property#findString}</ns:purchaseItem>\r
      </ns:purchaseRequest>\r
   </soapenv:Body>\r
</soapenv:Envelope>]]></con:request><con:assertion type="SOAP Response" id="d5ad7192-e099-4709-9bab-49d52a0d5a26"/><con:assertion type="Schema Compliance" id="21cdbbf7-de64-46bc-b97d-778db650fc0e"><con:configuration/></con:assertion><con:assertion type="SOAP Fault Assertion" id="a4c1e398-f609-4268-ac37-e54a448c48f2"/><con:credentials><con:authType>No Authorization</con:authType></con:credentials><con:jmsConfig JMSDeliveryMode="PERSISTENT"/><con:jmsPropertyConfig/><con:wsaConfig mustUnderstand="NONE" version="200508"/><con:wsrmConfig version="1.2"/></con:request></con:config></con:testStep><con:testStep type="request" name="Logout" id="055263a0-9911-4387-bc2b-c39acdc0c0b8"><con:settings/><con:config xsi:type="con:RequestStep" xmlns:xsi="http://www.w3.org/2001/XMLSchema-instance"><con:interface>ShoppingServiceSoapBinding</con:interface><con:operation>logout</con:operation><con:request name="Logout" id="160f66d2-b453-4299-b63b-9cf657924443"><con:settings><con:setting id="com.eviware.soapui.impl.wsdl.WsdlRequest@request-headers">&lt;xml-fragment/></con:setting></con:settings><con:encoding>UTF-8</con:encoding><con:endpoint>http://DESKTOP-45J4RD0:8088/mockShoppingServiceSoapBindingmc</con:endpoint><con:request><![CDATA[<soapenv:Envelope xmlns:soapenv="http://schemas.xmlsoap.org/soap/envelope/" xmlns:ns="http://expertz.me/data/eCommerce/ShoppingService/1.0">
   <soapenv:Header/>
   <soapenv:Body>
      <ns:logoutRequest>
         <ns:sessionId>${Login#Response#//*:sessionId}</ns:sessionId>
      </ns:logoutRequest>
   </soapenv:Body>
</soapenv:Envelope>]]></con:request><con:assertion type="SOAP Response" id="e4d5c617-9041-4399-8ff4-e9efc2920c46"/><con:assertion type="Schema Compliance" id="7cf16bdc-d6ce-4034-817b-1dd215fd6f7a"><con:configuration/></con:assertion><con:assertion type="SOAP Fault Assertion" id="ea8e8fb8-f087-4af2-af50-c342363e2c3a"/><con:credentials><con:authType>No Authorization</con:authType></con:credentials><con:jmsConfig JMSDeliveryMode="PERSISTENT"/><con:jmsPropertyConfig/><con:wsaConfig mustUnderstand="NONE" version="200508"/><con:wsrmConfig version="1.2"/></con:request></con:config></con:testStep><con:properties/></con:testCase><con:testCase id="820a5b20-0750-48fb-9c61-9b4e84cff084" failOnError="true" failTestCaseOnErrors="true" keepSession="false" maxResults="0" name="Script based execution" searchProperties="true"><con:settings/><con:testStep type="properties" name="username and password property" id="fd8a86ff-2d7b-4d7b-923a-823a05b214ff"><con:settings/><con:config xsi:type="con:PropertiesStep" saveFirst="true" xmlns:xsi="http://www.w3.org/2001/XMLSchema-instance"><con:properties><con:property><con:name>username</con:name><con:value>Johnjijo</con:value></con:property><con:property><con:name>password</con:name><con:value>Welall</con:value></con:property><con:property><con:name>findString</con:name><con:value>Android Tablet</con:value></con:property></con:properties></con:config></con:testStep><con:testStep type="request" name="Login" id="514ef93d-0af9-46cf-b35f-c7a2a5fc7649"><con:settings/><con:config xsi:type="con:RequestStep" xmlns:xsi="http://www.w3.org/2001/XMLSchema-instance"><con:interface>ShoppingServiceSoapBinding</con:interface><con:operation>login</con:operation><con:request name="Login" id="be9834fd-5093-4919-a61e-500d4c416ee4"><con:settings><con:setting id="com.eviware.soapui.impl.wsdl.WsdlRequest@request-headers">&lt;xml-fragment/></con:setting></con:settings><con:encoding>UTF-8</con:encoding><con:endpoint>http://DESKTOP-45J4RD0:8088/mockShoppingServiceSoapBinding</con:endpoint><con:request><![CDATA[<soapenv:Envelope xmlns:soapenv="http://schemas.xmlsoap.org/soap/envelope/" xmlns:ns="http://expertz.me/data/eCommerce/ShoppingService/1.0">\r
   <soapenv:Header/>\r
   <soapenv:Body>\r
      <ns:loginRequest>\r
         <ns:username>${username and password property#username}</ns:username>\r
         <ns:password>${username and password property#password}</ns:password>\r
      </ns:loginRequest>\r
   </soapenv:Body>\r
</soapenv:Envelope>]]></con:request><con:assertion type="SOAP Response" id="406ddaba-352e-4fe8-9801-11805fcce0f4"/><con:assertion type="Schema Compliance" id="6d9813e4-bbe3-4024-8e5b-5e62202bcfa7"><con:configuration/></con:assertion><con:assertion type="SOAP Fault Assertion" id="5917aee1-7afb-46a0-a358-c72ddab05406"/><con:assertion type="GroovyScriptAssertion" id="ae853487-535c-4634-841f-a4be860d8bad" name="Script Assertion"><con:configuration><scriptText>//why to use script assertion ? i neet to store the data got in response in all 
//the levels like the project level, test suit level, test case levels to use the data . 
import com.eviware.soapui.support.XmlHolder
def response = context.testCase.getTestStepByName('Login').getPropertyValue("Response")
def holder = new XmlHolder(response)
def sess = holder.getNodeValue("//*:sessionId")
context.testCase.testSuite.setPropertyValue("sessionId",sess)
context.testCase.setPropertyValue("sessionId",sess)
context.testCase.testSuite.project.setPropertyValue("sessionId",sess)
log.info sess
//tis shows the direct response script from login => log.info response, the values alone to diplay it follows.
</scriptText></con:configuration></con:assertion><con:credentials><con:authType>No Authorization</con:authType></con:credentials><con:jmsConfig JMSDeliveryMode="PERSISTENT"/><con:jmsPropertyConfig/><con:wsaConfig mustUnderstand="NONE" version="200508"/><con:wsrmConfig version="1.2"/></con:request></con:config></con:testStep><con:testStep type="request" name="Find" id="ca817401-def1-4f6f-8d5e-b4f5504b17c9"><con:settings/><con:config xsi:type="con:RequestStep" xmlns:xsi="http://www.w3.org/2001/XMLSchema-instance"><con:interface>ShoppingServiceSoapBinding</con:interface><con:operation>find</con:operation><con:request name="Find" id="19b1bf46-de25-454d-8255-3fd21349fe23"><con:settings><con:setting id="com.eviware.soapui.impl.wsdl.WsdlRequest@request-headers">&lt;xml-fragment/></con:setting></con:settings><con:encoding>UTF-8</con:encoding><con:endpoint>http://DESKTOP-45J4RD0:8088/mockShoppingServiceSoapBinding</con:endpoint><con:request><![CDATA[<soapenv:Envelope xmlns:soapenv="http://schemas.xmlsoap.org/soap/envelope/" xmlns:ns="http://expertz.me/data/eCommerce/ShoppingService/1.0">\r
   <soapenv:Header/>\r
   <soapenv:Body>\r
      <ns:findRequest>\r
         <ns:sessionId>${#Project#sessionId}</ns:sessionId>\r
         <ns:findString>${username and password property#findString}</ns:findString>\r
      </ns:findRequest>\r
   </soapenv:Body>\r
</soapenv:Envelope>]]></con:request><con:assertion type="SOAP Response" id="f596e9ae-3a8d-46fa-9cde-38a612fc7ae1"/><con:assertion type="Schema Compliance" id="44ed6267-7095-4cd5-9138-fc1cd97735d0"><con:configuration/></con:assertion><con:assertion type="SOAP Fault Assertion" id="ac067ed5-00be-48d4-a98a-647c556b540f"/><con:credentials><con:authType>No Authorization</con:authType></con:credentials><con:jmsConfig JMSDeliveryMode="PERSISTENT"/><con:jmsPropertyConfig/><con:wsaConfig mustUnderstand="NONE" version="200508"/><con:wsrmConfig version="1.2"/></con:request></con:config></con:testStep><con:testStep type="request" name="Purchase" id="d1fccdfb-bc0d-4d2c-b3d4-f77ede6855f1"><con:settings/><con:config xsi:type="con:RequestStep" xmlns:xsi="http://www.w3.org/2001/XMLSchema-instance"><con:interface>ShoppingServiceSoapBinding</con:interface><con:operation>purchase</con:operation><con:request name="Purchase" id="524047e9-6ccb-4cf0-9b07-24cf92dfdef5"><con:settings><con:setting id="com.eviware.soapui.impl.wsdl.WsdlRequest@request-headers">&lt;xml-fragment/></con:setting></con:settings><con:encoding>UTF-8</con:encoding><con:endpoint>http://DESKTOP-45J4RD0:8088/mockShoppingServiceSoapBinding</con:endpoint><con:request><![CDATA[<soapenv:Envelope xmlns:soapenv="http://schemas.xmlsoap.org/soap/envelope/" xmlns:ns="http://expertz.me/data/eCommerce/ShoppingService/1.0">\r
   <soapenv:Header/>\r
   <soapenv:Body>\r
      <ns:purchaseRequest>\r
         <ns:sessionId>${#Project#sessionId}</ns:sessionId>\r
         <ns:purchaseItem>${username and password property#findString}</ns:purchaseItem>\r
      </ns:purchaseRequest>\r
   </soapenv:Body>\r
</soapenv:Envelope>]]></con:request><con:assertion type="SOAP Response" id="51150e9d-22bd-4a03-9e59-fd197b336190"/><con:assertion type="Schema Compliance" id="2a7d9b2c-290f-4212-b89a-a5af38330aef"><con:configuration/></con:assertion><con:assertion type="SOAP Fault Assertion" id="df602133-dcf5-431d-a555-8ad561782e32"/><con:credentials><con:authType>No Authorization</con:authType></con:credentials><con:jmsConfig JMSDeliveryMode="PERSISTENT"/><con:jmsPropertyConfig/><con:wsaConfig mustUnderstand="NONE" version="200508"/><con:wsrmConfig version="1.2"/></con:request></con:config></con:testStep><con:testStep type="request" name="Logout" id="0b820425-90cc-464b-9fee-580cd0eb0906"><con:settings/><con:config xsi:type="con:RequestStep" xmlns:xsi="http://www.w3.org/2001/XMLSchema-instance"><con:interface>ShoppingServiceSoapBinding</con:interface><con:operation>logout</con:operation><con:request name="Logout" id="04f1d72b-feee-46dc-8439-c0dd1a6d09ef"><con:settings><con:setting id="com.eviware.soapui.impl.wsdl.WsdlRequest@request-headers">&lt;xml-fragment/></con:setting></con:settings><con:encoding>UTF-8</con:encoding><con:endpoint>http://DESKTOP-45J4RD0:8088/mockShoppingServiceSoapBinding</con:endpoint><con:request><![CDATA[<soapenv:Envelope xmlns:soapenv="http://schemas.xmlsoap.org/soap/envelope/" xmlns:ns="http://expertz.me/data/eCommerce/ShoppingService/1.0">\r
   <soapenv:Header/>\r
   <soapenv:Body>\r
      <ns:logoutRequest>\r
         <ns:sessionId>${Login#Response#//*:sessionId}</ns:sessionId>\r
      </ns:logoutRequest>\r
   </soapenv:Body>\r
</soapenv:Envelope>]]></con:request><con:assertion type="SOAP Response" id="b4462198-f569-4820-bc88-8f5d5c04ddb6"/><con:assertion type="Schema Compliance" id="33708f6f-b3d2-4595-83c1-50eb5b24de2c"><con:configuration/></con:assertion><con:assertion type="SOAP Fault Assertion" id="d5fe15b8-9717-48b6-8127-c800e886c759"/><con:credentials><con:authType>No Authorization</con:authType></con:credentials><con:jmsConfig JMSDeliveryMode="PERSISTENT"/><con:jmsPropertyConfig/><con:wsaConfig mustUnderstand="NONE" version="200508"/><con:wsrmConfig version="1.2"/></con:request></con:config></con:testStep><con:properties><con:property><con:name>sessionId</con:name><con:value>09796732299325528</con:value></con:property></con:properties></con:testCase><con:properties><con:property><con:name>sessionId</con:name><con:value>09796732299325528</con:value></con:property></con:properties></con:testSuite><con:testSuite id="70f522b7-2ff6-4c71-b38a-75ccfbf2ff23" name="System Testing"><con:settings/><con:runType>SEQUENTIAL</con:runType><con:testCase id="580a1cf9-20ea-4603-85ff-36e58b154e66" failOnError="true" failTestCaseOnErrors="true" keepSession="false" maxResults="0" name="System Testing(work on data from excel)" searchProperties="true"><con:settings/><con:testStep type="groovy" name="System Testing" id="54a5e5cd-1d64-4bfa-a2fd-e08cf9895e5a"><con:settings/><con:config><script>//import com.eviware.soapui.model.testsuite.testRunner.Status
def tc=testRunner.testCase.testSuite.project.testSuites["ShoppingServiceSoapBinding TestSuite"].testCases["Script based execution"]
tc.testSteps["username and password property"].setPropertyValue("username","Johnjijo")
tc.testSteps["username and password property"].setPropertyValue("password","Welall")
tc.run(null,false)

def tsl = tc.getTestStepList()
log.info tsl.size()
tsl.each
{
	def ts =it.name
	log.info ts
}
</script></con:config></con:testStep><con:testStep type="groovy" name="Execute property expansion Login and Logout" id="10659178-760e-4660-991b-b9ad880c46a5"><con:settings/><con:config><script>def h=testRunner.testCase.testSuite.project.TestSuites["ShoppingServiceSoapBinding TestSuite"].testCases["Property Expansion Login and Logout"]
h.testSteps["username and password property"].setPropertyValue("username","Lali")
h.testSteps["username and password property"].setPropertyValue("password","Ladooo")
//def ui =sh.testSteps["username and password property"].getPropertyValue("username")
def runner =h.run(null,false)
def tc=h.getTestStepList()

//log.info tc.size()

tc.each
{
	def re = it.name
	log.info re
}


log.info "Status: $runner.status"
log.info"timeTaken : $runner.timeTaken"
log.info"number of teps executed : "+runner.results.size()


assert runner.results.size()==5

/*

*/
</script></con:config></con:testStep><con:testStep type="groovy" name="Data driven" id="afbf15f0-916f-469b-9ad0-cb7a3caa17e4"><con:settings/><con:config><script>import jxl.*
def filepath= "C://Users//Administrator//Desktop//Test data.xls"
def username, password
File Excel = new File(filepath)
Workbook wb=Workbook.getWorkbook(Excel)
Sheet sh=wb.getSheet("Sheet1")
def Row=sh.getRows().toInteger()
def Column=sh.getColumns().toInteger()
log.info "the no of rows are $Row and columns are $Column"
for(def i=0;i&lt;Row;i++)
{
	for(def j=0;j&lt;Column;j++)
	{
		if(j==0)
		{
		username=sh.getCell(j,i).getContents()
	}
       else
       {
       	password=sh.getCell(j,i).getContents()
       }
	

   //  log.info "$username and $password"
//}    

def h=testRunner.testCase.testSuite.project.TestSuites["ShoppingServiceSoapBinding TestSuite"].testCases["Property Expansion Login and Logout"]
h.testSteps["username and password property"].setPropertyValue("username",username)
h.testSteps["username and password property"].setPropertyValue("password",password)

def ui =h.testSteps["username and password property"].getPropertyValue("username")
log.info ui

def runner =h.run(null,false)
def tc=h.getTestStepList()

log.info tc.size()
/*
tc.each
{
	def re = it.name
	log.info re
}

*/
log.info "Status: $runner.status"
log.info"timeTaken : $runner.timeTaken"
log.info"number of teps executed : "+runner.results.size()

assert runner.results.size()==6
def validname=6
def invalidname=5
if(runner.results.size()==6)
{
	log.info "entered valid name"
	assert runner.results.size()== validname
}
}
}
//assert runner.results.size()==5

/*

*/


</script></con:config></con:testStep><con:properties/></con:testCase><con:testCase id="555fd438-93c4-4323-8690-d422514a38b9" failOnError="true" failTestCaseOnErrors="true" keepSession="false" maxResults="0" name="db connecting" searchProperties="true"><con:settings/><con:testStep type="jdbc" name="JDBC Request" id="27697ec3-ef4e-49e7-9e44-91ba599413fe"><con:settings/><con:config xsi:type="con:JdbcRequestTestStep" convertColumnNamesToUpperCase="true" xmlns:xsi="http://www.w3.org/2001/XMLSchema-instance"><con:driver>com.mysql.jdbc.Driver</con:driver><con:connectionString>jdbc:mysql://localhost:3306/FunctionalTesting?user=root&amp;password=root</con:connectionString><con:query>select * from login;
</con:query><con:properties/></con:config></con:testStep><con:testStep type="request" name="login" id="885edfca-e20b-4ba5-870e-5164c36d4f07"><con:settings/><con:config xsi:type="con:RequestStep" xmlns:xsi="http://www.w3.org/2001/XMLSchema-instance"><con:interface>ShoppingServiceSoapBinding</con:interface><con:operation>login</con:operation><con:request name="login" id="c6cb9f44-1158-4750-a9b8-12c51f274366"><con:settings><con:setting id="com.eviware.soapui.impl.wsdl.WsdlRequest@request-headers">&lt;xml-fragment/></con:setting></con:settings><con:encoding>UTF-8</con:encoding><con:endpoint>http://DESKTOP-45J4RD0:8088/mockShoppingServiceSoapBinding</con:endpoint><con:request><![CDATA[<soapenv:Envelope xmlns:soapenv="http://schemas.xmlsoap.org/soap/envelope/" xmlns:ns="http://expertz.me/data/eCommerce/ShoppingService/1.0">\r
   <soapenv:Header/>\r
   <soapenv:Body>\r
      <ns:loginRequest>\r
         <ns:username>${JDBC Request#ResponseAsXml#//ResultSet/Row[1]/LOGIN.USERNAME}</ns:username>\r
         <ns:password>${JDBC Request#ResponseAsXml#//ResultSet/Row[1]/LOGIN.PASSWORD}</ns:password>\r
      </ns:loginRequest>\r
   </soapenv:Body>\r
</soapenv:Envelope>]]></con:request><con:assertion type="SOAP Response" id="0cad346c-69bc-42c4-860f-28545eb1c545"/><con:assertion type="Schema Compliance" id="ed84da3a-b789-4199-93a8-c7ae55d69fff"><con:configuration/></con:assertion><con:assertion type="SOAP Fault Assertion" id="40947783-e9c7-43b2-a676-56a00068d694"/><con:credentials><con:authType>No Authorization</con:authType></con:credentials><con:jmsConfig JMSDeliveryMode="PERSISTENT"/><con:jmsPropertyConfig/><con:wsaConfig mustUnderstand="NONE" version="200508"/><con:wsrmConfig version="1.2"/></con:request></con:config></con:testStep><con:testStep type="request" name="logout" id="9576d314-c83e-465d-99b8-da6f719f9512"><con:settings/><con:config xsi:type="con:RequestStep" xmlns:xsi="http://www.w3.org/2001/XMLSchema-instance"><con:interface>ShoppingServiceSoapBinding</con:interface><con:operation>logout</con:operation><con:request name="logout" id="443dca0e-bb90-4df9-8756-bba2f239076f"><con:settings><con:setting id="com.eviware.soapui.impl.wsdl.WsdlRequest@request-headers">&lt;xml-fragment/></con:setting></con:settings><con:encoding>UTF-8</con:encoding><con:endpoint>http://DESKTOP-45J4RD0:8088/mockShoppingServiceSoapBinding</con:endpoint><con:request><![CDATA[<soapenv:Envelope xmlns:soapenv="http://schemas.xmlsoap.org/soap/envelope/" xmlns:ns="http://expertz.me/data/eCommerce/ShoppingService/1.0">\r
   <soapenv:Header/>\r
   <soapenv:Body>\r
      <ns:logoutRequest>\r
         <ns:sessionId>${login#Response#//*:sessionId}</ns:sessionId>\r
      </ns:logoutRequest>\r
   </soapenv:Body>\r
</soapenv:Envelope>]]></con:request><con:assertion type="SOAP Response" id="0a737e28-91d6-4d2f-a6b0-a397a17855e3"/><con:assertion type="Schema Compliance" id="e0ac7663-ff70-4f55-8443-487f35610e91"><con:configuration/></con:assertion><con:assertion type="SOAP Fault Assertion" id="7d9682a8-faef-4261-a254-181f7732c313"/><con:credentials><con:authType>No Authorization</con:authType></con:credentials><con:jmsConfig JMSDeliveryMode="PERSISTENT"/><con:jmsPropertyConfig/><con:wsaConfig mustUnderstand="NONE" version="200508"/><con:wsrmConfig version="1.2"/></con:request></con:config></con:testStep><con:properties/></con:testCase><con:properties/></con:testSuite><con:mockService port="8088" path="/mockShoppingService" host="chethan-PC" name="ShoppingServiceSoapBinding MockService" bindToHostOnly="false" docroot="" id="ccdb33fc-b4e0-4555-9c86-41f7017c90ed"><con:settings><con:setting id="com.eviware.soapui.impl.wsdl.mock.WsdlMockService@require-soap-action">false</con:setting></con:settings><con:mockOperation name="find" interface="ShoppingServiceSoapBinding" operation="find" id="202e5688-31d1-43be-9807-ec62d50a5eca"><con:settings/><con:dispatchPath>// Util variables to access the xml data
def groovyUtils = new com.eviware.soapui.support.GroovyUtils( context )
def holder = groovyUtils.getXmlHolder( mockRequest.requestContent )

// Get the session ID
def sessionid = holder.getNodeValue( "//*:sessionId" )

// check if its a valid session
if( !context.hasProperty( sessionid )){
	// If not a valid session ID, set the relevant fault message
	requestContext.faultCode = 'APP006'
	requestContext.faultShortDesc = 'Invalid Session'
	requestContext.faultCausedBy = 'Auth System'
	requestContext.faultDesc = 'Invalid Session ID. Session does not exist or has timed out.'
	return "Fault Find"
}

// Get the query string
def itemDesc = holder.getNodeValue( "//*:findString" )

// This is our item list. Feel free to add more items if you want...
def itemList = [ : ]
itemList["Android Tablet"] = [id:1, desc: "Android Tablet", price: "40 GBP" ,stockStatus: "100", expectedDelivery: "30-JUL-2012"]
itemList["iPad v1"] = [id:2, desc: "iPad v1", price: "540 GBP"  ,stockStatus: "50", expectedDelivery: "30-JUL-2012"]
itemList["iPad v2"] = [id:3, desc: "iPad v2", price: "800 GBP"  ,stockStatus: "10", expectedDelivery: "30-AUG-2012"]


//def itemList = context.getProperty("itemList")

// Check if we have an item with the same description as the search string
if(itemList.containsKey(itemDesc)){
	// Populate item details and send success message
	def item = itemList[itemDesc]
	requestContext.itemId = item.id
	requestContext.itemDescription = item.desc
	requestContext.itemPrice = item.price
	return "Successful Find"
}

// We couldn't find a particular item for the search. 
//In the demo we don't support generic queries. So send a fault message
requestContext.faultCode = 'APP007'
requestContext.faultShortDesc = 'Invalid Query'
requestContext.faultCausedBy = 'Search System'
requestContext.faultDesc = 'In the demo we do not support generic queries and we could not find any items with the given string!!!'
return "Fault Find"
</con:dispatchPath><con:dispatchStyle>SCRIPT</con:dispatchStyle><con:defaultResponse>Response 1</con:defaultResponse><con:response name="Successful Find" encoding="UTF-8" id="4a9c5be3-d1dd-4b3c-97b0-14fdc41b4b6c" httpResponseStatus="200"><con:settings/><con:responseContent><![CDATA[<soapenv:Envelope xmlns:soapenv="http://schemas.xmlsoap.org/soap/envelope/" xmlns:ns="http://expertz.me/data/eCommerce/ShoppingService/1.0">
   <soapenv:Header/>
   <soapenv:Body>
      <ns:findResponse>
         <ns:item>
            <ns:id>${itemId}</ns:id>
            <ns:description>${itemDescription}</ns:description>
            <ns:price>${itemPrice}</ns:price>
         </ns:item>
      </ns:findResponse>
   </soapenv:Body>
</soapenv:Envelope>]]></con:responseContent><con:wsaConfig mustUnderstand="NONE" version="200508" action="http://expertz.me/service/eCommerce/ShoppingService/1.0/find"/></con:response><con:response name="Fault Find" encoding="UTF-8" id="78f222ce-0b55-4d10-b20e-d22bb712f875" httpResponseStatus="200"><con:settings/><con:responseContent><![CDATA[<soapenv:Envelope xmlns:soapenv="http://schemas.xmlsoap.org/soap/envelope/">
  <soapenv:Body>
    <soapenv:Fault>
      <faultcode>${faultCode}</faultcode>
      <faultstring xml:lang="en-US">${faultShortDesc}</faultstring>
      <!--Optional:-->
      <faultactor>${faultCausedBy}</faultactor>
      <!--Optional:-->
      <detail>
      ${faultDesc}
        <!--You may enter ANY elements at this point-->
      </detail>
    </soapenv:Fault>
  </soapenv:Body>
</soapenv:Envelope>]]></con:responseContent><con:wsaConfig mustUnderstand="NONE" version="200508" action="http://expertz.me/service/eCommerce/ShoppingService/1.0/find"/></con:response><con:dispatchConfig/></con:mockOperation><con:mockOperation name="login" interface="ShoppingServiceSoapBinding" operation="login" id="59754d08-1718-4808-be3a-940b60708318"><con:settings/><con:dispatchPath>// Initialize Util classes to retrieve XML value
def groovyUtils = new com.eviware.soapui.support.GroovyUtils( context )
def holder = groovyUtils.getXmlHolder( mockRequest.requestContent )

// Get the username and Password values provided
def username = holder.getNodeValue( "//*:username" )
def password = holder.getNodeValue( "//*:password" )

// validate by checking that the User is not already logged in
// Username is of required length and Password doesn't end with 123!!!
if( context.hasProperty( username )  || username.length() > 10 || username.length() &lt; 3 || password.endsWith( "123" )){
	// If user is already loggged in, set different fault codes compared to others
	if(context.hasProperty( username )){
		requestContext.faultCode = 'APP001'
		requestContext.faultShortDesc = 'Already Logged In'
		requestContext.faultCausedBy = 'Auth System'
		requestContext.faultDesc = 'User is already logged in. If you want to login as another user logout first'
	}
	else{
		// Set relevant error code and desc. For the demo, we will keep it simple
		requestContext.faultCode = 'APP002'
		requestContext.faultShortDesc = 'Invalid Login Credentials'
		requestContext.faultCausedBy = 'Auth System'
		requestContext.faultDesc = 'Invalid Login Credentials. Please try again.'
	}
	// Specify which response to send back
	return "Fault Login"	
}

// Seems like a valid request, so generate session ID
// Note that we don't do password verification in the demo
def sessionid = String.valueOf( Math.random() ).substring( 2 )

// Set the user name and session ID as valid sessions and logged in user in context
// This helps in looking up to see if the user is logged in or if this is a valid session ID
context.setProperty( username, sessionid )
context.setProperty( sessionid, username )

requestContext.sessionid = sessionid
return "Successful Login"
</con:dispatchPath><con:dispatchStyle>SCRIPT</con:dispatchStyle><con:defaultResponse>Successful Login</con:defaultResponse><con:response name="Successful Login" encoding="UTF-8" id="300e74bc-6fdf-4258-b8bd-7d4ecc0c42d8" httpResponseStatus="200"><con:settings/><con:responseContent><![CDATA[<soapenv:Envelope xmlns:soapenv="http://schemas.xmlsoap.org/soap/envelope/" xmlns:ns="http://expertz.me/data/eCommerce/ShoppingService/1.0">
   <soapenv:Header/>
   <soapenv:Body>
      <ns:sessionId>${sessionid}</ns:sessionId>
   </soapenv:Body>
</soapenv:Envelope>]]></con:responseContent><con:wsaConfig mustUnderstand="NONE" version="200508" action="http://expertz.me/service/eCommerce/ShoppingService/1.0/login"/></con:response><con:response name="Fault Login" encoding="UTF-8" id="8f40cfaa-214a-4aed-8dbc-1261be881456" httpResponseStatus="200"><con:settings/><con:responseContent><![CDATA[<soapenv:Envelope xmlns:soapenv="http://schemas.xmlsoap.org/soap/envelope/" xmlns:ns="http://expertz.me/data/eCommerce/ShoppingService/1.0">
  <soapenv:Body>
    <soapenv:Fault>
      <faultcode>${faultCode}</faultcode>
      <faultstring xml:lang="en-US">${faultShortDesc}</faultstring>
      <!--Optional:-->
      <faultactor>${faultCausedBy}</faultactor>
      <!--Optional:-->
      <detail>
        <ns:faultMessage>${faultDesc}</ns:faultMessage>
        <!--You may enter ANY elements at this point-->
      </detail>
    </soapenv:Fault>
  </soapenv:Body>
</soapenv:Envelope>
]]></con:responseContent><con:wsaConfig mustUnderstand="NONE" version="200508" action="http://expertz.me/service/eCommerce/ShoppingService/1.0/login"/></con:response><con:dispatchConfig/></con:mockOperation><con:mockOperation name="logout" interface="ShoppingServiceSoapBinding" operation="logout" id="3121dccd-194d-432f-999b-c2ce3f6667af"><con:settings/><con:dispatchPath>// Util variables to access the xml data
def groovyUtils = new com.eviware.soapui.support.GroovyUtils( context )
def holder = groovyUtils.getXmlHolder( mockRequest.requestContent )

// Get the session ID
def sessionid = holder.getNodeValue( "//*:sessionId" )

// check if its a valid session
if( !context.hasProperty( sessionid )){
	// If not a valid session ID, set the relevant fault message
	requestContext.faultCode = 'APP003'
	requestContext.faultShortDesc = 'Invalid Session'
	requestContext.faultCausedBy = 'Auth System'
	requestContext.faultDesc = 'Invalid Session ID. Session does not exist or has timed out.'
	return "Fault Logout"
}

// logout from the system by removing the relevant context
context.removeProperty( context.getProperty( sessionid ))
context.removeProperty( sessionid )
requestContext.logoutMessage = "Successfully logged out of the system."

return "Successful Logout"
</con:dispatchPath><con:dispatchStyle>SCRIPT</con:dispatchStyle><con:defaultResponse>Response 1</con:defaultResponse><con:response name="Successful Logout" encoding="UTF-8" id="ee8ab1db-2c7d-4511-a127-d54d7fb23ca8" httpResponseStatus="200"><con:settings/><con:responseContent><![CDATA[<soapenv:Envelope xmlns:soapenv="http://schemas.xmlsoap.org/soap/envelope/" xmlns:ns="http://expertz.me/data/eCommerce/ShoppingService/1.0">
   <soapenv:Header/>
   <soapenv:Body>
      <ns:logoutResponse>
         <ns:logoutMessage>${logoutMessage}</ns:logoutMessage>
      </ns:logoutResponse>
   </soapenv:Body>
</soapenv:Envelope>]]></con:responseContent><con:wsaConfig mustUnderstand="NONE" version="200508" action="http://expertz.me/service/eCommerce/ShoppingService/1.0/logout"/></con:response><con:response name="Fault Logout" encoding="UTF-8" id="a32d1e63-a31c-4b06-82a5-ff58e7b87a68" httpResponseStatus="200"><con:settings/><con:responseContent><![CDATA[<soapenv:Envelope xmlns:soapenv="http://schemas.xmlsoap.org/soap/envelope/">
  <soapenv:Body>
    <soapenv:Fault>
      <faultcode>${faultCode}</faultcode>
      <faultstring xml:lang="en-US">${faultShortDesc}</faultstring>
      <!--Optional:-->
      <faultactor>${faultCausedBy}</faultactor>
      <!--Optional:-->
      <detail>
      ${faultDesc}
        <!--You may enter ANY elements at this point-->
      </detail>
    </soapenv:Fault>
  </soapenv:Body>
</soapenv:Envelope>]]></con:responseContent><con:wsaConfig mustUnderstand="NONE" version="200508" action="http://expertz.me/service/eCommerce/ShoppingService/1.0/logout"/></con:response><con:dispatchConfig/></con:mockOperation><con:mockOperation name="purchase" interface="ShoppingServiceSoapBinding" operation="purchase" id="35ce8bb6-cb8d-4f8c-b9e5-1dc63e3cdf18"><con:settings/><con:dispatchPath>// Util variables to access the xml data
def groovyUtils = new com.eviware.soapui.support.GroovyUtils( context )
def holder = groovyUtils.getXmlHolder( mockRequest.requestContent )

// Get the session ID
def sessionid = holder.getNodeValue( "//*:sessionId" )

// check if its a valid session
if( !context.hasProperty( sessionid )){
	// If not a valid session ID, set the relevant fault message
	requestContext.faultCode = 'APP010'
	requestContext.faultShortDesc = 'Invalid Session'
	requestContext.faultCausedBy = 'Auth System'
	requestContext.faultDesc = 'Invalid Session ID. Session does not exist or has timed out.'
	return "Fault Find"
}

// Get the query string
def itemDesc = holder.getNodeValue( "//*:purchaseItem" )

// This is our item list. Feel free to add more items if you want...
def itemList = [ : ]
itemList["Android Tablet"] = [id:1, desc: "Android Tablet", price: "40 GBP" ,stockStatus: "100", expectedDelivery: "30-JUL-2012"]
itemList["iPad v1"] = [id:2, desc: "iPad v1", price: "540 GBP"  ,stockStatus: "50", expectedDelivery: "30-JUL-2012"]
itemList["iPad v2"] = [id:3, desc: "iPad v2", price: "800 GBP"  ,stockStatus: "10", expectedDelivery: "30-AUG-2012"]


//def itemList = context.getProperty("itemList")

// Check if we have an item with the same description as the search string
if(itemList.containsKey(itemDesc)){
	// Populate item details and send success message
	def item = itemList[itemDesc]
	requestContext.itemId = item.id
	requestContext.itemStockStatus = item.stockStatus
	requestContext.itemExpectedDelivery = item.expectedDelivery
	return "Successful Purchase"
}

// We couldn't find a particular item for the search. 
//In the demo we don't support generic queries. So send a fault message
requestContext.faultCode = 'APP011'
requestContext.faultShortDesc = 'Invalid Item'
requestContext.faultCausedBy = 'Purchase System'
requestContext.faultDesc = 'In the demo we do not support bulk buys or add to cart kind of operations. We could not find any items with the given name!!!'
return "Fault Purchase"
</con:dispatchPath><con:dispatchStyle>SCRIPT</con:dispatchStyle><con:defaultResponse>Response 1</con:defaultResponse><con:response name="Successful Purchase" encoding="UTF-8" id="0e2a6468-6d74-4fd9-ad3b-7c33c408cc74" httpResponseStatus="200"><con:settings/><con:responseContent><![CDATA[<soapenv:Envelope xmlns:soapenv="http://schemas.xmlsoap.org/soap/envelope/" xmlns:ns="http://expertz.me/data/eCommerce/ShoppingService/1.0">
   <soapenv:Header/>
   <soapenv:Body>
      <ns:purchaseResponse>
         <ns:purchaseStatus>
            <ns:id>${itemId}</ns:id>
            <ns:stockStatus>${itemStockStatus}</ns:stockStatus>
            <ns:expectedDelivery>${itemExpectedDelivery}</ns:expectedDelivery>
         </ns:purchaseStatus>
      </ns:purchaseResponse>
   </soapenv:Body>
</soapenv:Envelope>]]></con:responseContent><con:wsaConfig mustUnderstand="NONE" version="200508" action="http://expertz.me/service/eCommerce/ShoppingService/1.0/purchase"/></con:response><con:response name="Fault Purchase" encoding="UTF-8" id="2ae50a97-8483-4f54-be45-f0270ec5f64f" httpResponseStatus="200"><con:settings/><con:responseContent><![CDATA[<soapenv:Envelope xmlns:soapenv="http://schemas.xmlsoap.org/soap/envelope/">
  <soapenv:Body>
    <soapenv:Fault>
      <faultcode>${faultCode}</faultcode>
      <faultstring xml:lang="en-US">${faultShortDesc}</faultstring>
      <!--Optional:-->
      <faultactor>${faultCausedBy}</faultactor>
      <!--Optional:-->
      <detail>
      	${faultDesc}
        <!--You may enter ANY elements at this point-->
      </detail>
    </soapenv:Fault>
  </soapenv:Body>
</soapenv:Envelope>]]></con:responseContent><con:wsaConfig mustUnderstand="NONE" version="200508" action="http://expertz.me/service/eCommerce/ShoppingService/1.0/purchase"/></con:response><con:dispatchConfig/></con:mockOperation><con:startScript>/*
def itemList = [ : ]
itemList["Android Tablet"] = [id:1, desc: "Android Tablet", price: "40 GBP" ]
itemList["iPad v1"] = [id:2, desc: "iPad v1", price: "540 GBP" ]
itemList["iPad v2"] = [id:3, desc: "iPad v2", price: "800 GBP" ]

context.setProperty("itemList", itemList)
*/</con:startScript><con:properties/></con:mockService><con:properties><con:property><con:name>sessionId</con:name><con:value>09796732299325528</con:value></con:property></con:properties><con:wssContainer/><con:oAuth2ProfileContainer/><con:oAuth1ProfileContainer/><con:sensitiveInformation/></con:soapui-project>